OBJECT_NAME,OBJECT_ID,NORAD_CAT_ID,OBJECT_TYPE,OPS_STATUS_CODE,OWNER,LAUNCH_DATE,LAUNCH_SITE,DECAY_DATE,PERIOD,INCLINATION,APOGEE,PERIGEE,RCS,DATA_STATUS_CODE,ORBIT_CENTER,ORBIT_TYPE
ARYABHATA,1975-033A,7752,PAY,D,IND,4/19/1975,KYMSC,2/11/1992,87.46,50.62,152,145,2.215,,EA,IMP
BHASKARA 1,1979-051A,11392,PAY,D,IND,6/7/1979,KYMSC,2/17/1989,87.35,50.63,146,140,3.6228,,EA,IMP
ROHINI 1,1980-062A,11899,PAY,D,IND,7/18/1980,SRILR,5/20/1981,87.76,44.71,178,150,1.11,,EA,IMP
SLV-3 R/B,1980-062B,11900,R/B,D,IND,7/18/1980,SRILR,7/23/1981,87.83,44.7,178,156,0.45,,EA,IMP
ROHINI 2,1981-051A,12491,PAY,D,IND,5/31/1981,SRILR,6/8/1981,87.89,46.25,197,143,1,,EA,IMP
SLV-3 R/B,1981-051B,12492,R/B,D,IND,5/31/1981,SRILR,6/6/1981,88.34,46.25,232,153,1,,EA,IMP
APPLE,1981-057B,12545,PAY,-,IND,6/19/1981,FRGUI,,1439.25,7.45,35948,35749,2,,EA,ORB
BHASKARA 2,1981-115A,12968,PAY,D,IND,11/20/1981,KYMSC,11/30/1991,87.27,50.61,144,135,2.5023,,EA,IMP
INSAT-1A,1982-031A,13129,PAY,-,IND,4/10/1982,AFETR,,1434.85,7.54,35820,35704,0.6309,,EA,ORB
ROHINI 3,1983-033A,14002,PAY,D,IND,4/17/1983,SRILR,4/19/1990,87.44,46.54,151,144,0.47,,EA,IMP
SLV-3 R/B,1983-033B,14003,R/B,D,IND,4/17/1983,SRILR,3/18/1989,87.82,46.55,180,153,1.7574,,EA,IMP
SLV-3 DEB,1983-033C,14004,DEB,D,IND,4/17/1983,SRILR,5/11/1987,88.54,46.56,216,188,0.8787,,EA,IMP
SLV-3 DEB,1983-033D,14224,DEB,D,IND,4/17/1983,SRILR,6/6/1988,88.78,46.68,221,207,0.1493,,EA,IMP
SLV-3 DEB,1983-033E,14225,DEB,D,IND,4/17/1983,SRILR,1/4/1989,88.89,46.38,224,215,0.0791,,EA,IMP
INSAT-1B,1983-089B,14318,PAY,-,IND,8/30/1983,AFETR,,1436.84,11.42,35863,35740,3.9811,,EA,ORB
SLV-3 DEB,1983-033F,14397,DEB,D,IND,4/17/1983,SRILR,2/4/1984,88.65,46.57,211,204,0.0354,,EA,IMP
IRS-1A,1988-021A,18960,PAY,-,IND,3/17/1988,TYMSC,,103.07,98.88,914,894,3.5011,,EA,ORB
INSAT-1C,1988-063A,19330,PAY,-,IND,7/21/1988,FRGUI,,1436.2,11.57,35807,35770,1.9952,,EA,ORB
INSAT-1D,1990-051A,20643,PAY,-,IND,6/12/1990,AFETR,,1435.87,14.63,35855,35709,2,,EA,ORB
IRS-1B,1991-061A,21688,PAY,-,IND,8/29/1991,TYMSC,,103.02,99.41,919,883,3.6711,,EA,ORB
INSAT-2DT (ARABSAT-1C),1992-010B,21894,PAY,-,IND,2/26/1992,FRGUI,,1459.2,14.22,36379,36096,2.5119,,EA,ORB
ASLV-D3 R/B,1992-028B,21967,R/B,D,IND,5/20/1992,SRILR,6/24/1992,87.46,46.02,154,143,0.9805,,EA,IMP
SROSS 3,1992-028A,21968,PAY,D,IND,5/20/1992,SRILR,7/14/1992,87.46,46.01,160,138,0.5946,,EA,IMP
INSAT-2A,1992-041A,22027,PAY,-,IND,7/9/1992,FRGUI,,1437.23,14.53,35859,35759,1.9952,,EA,ORB
INSAT-2B,1993-048B,22724,PAY,-,IND,7/22/1993,FRGUI,,1440.37,14.4,35950,35790,19.9526,,EA,ORB
SROSS C2,1994-027A,23099,PAY,D,IND,5/4/1994,SRILR,7/12/2001,87.32,45.98,144,140,0.6847,,EA,IMP
ASLV-D4 R/B,1994-027B,23100,R/B,D,IND,5/4/1994,SRILR,10/6/2003,87.81,45.98,167,165,1.1021,,EA,IMP
IRS-P2,1994-068A,23323,PAY,-,IND,10/15/1994,SRILR,,101.08,98.92,810,809,3.5092,,EA,ORB
IRS-P2 R/B,1994-068B,23324,R/B,,IND,10/15/1994,SRILR,,101.6,98.87,876,792,6.038,,EA,ORB
INSAT-2C,1995-067B,23731,PAY,-,IND,12/6/1995,FRGUI,,1443.03,14.2,35928,35916,3.9811,,EA,ORB
IRS-1C,1995-072A,23751,PAY,-,IND,12/28/1995,TYMSC,,101.16,99.03,814,813,4.225,,EA,ORB
IRS-P3,1996-017A,23827,PAY,-,IND,3/21/1996,SRILR,,101.15,99.04,816,810,2.536,,EA,ORB
PSLV R/B,1996-017B,23828,R/B,,IND,3/21/1996,SRILR,,101.22,99.05,841,792,6.2969,,EA,ORB
INSAT-2D,1997-027B,24820,PAY,-,IND,6/3/1997,FRGUI,,1374.16,12.79,35925,33205,6.3095,,EA,ORB
IRS-1D,1997-057A,24971,PAY,-,IND,9/29/1997,SRILR,,100.32,98.83,812,736,3.912,,EA,ORB
PSLV 1C R/B,1997-057B,24972,R/B,D,IND,9/29/1997,SRILR,11/4/1999,87.2,98.6,148,123,10.621,,EA,IMP
INSAT-2E (APR-1),1999-016A,25666,PAY,-,IND,4/2/1999,FRGUI,,1445.05,11,36004,35919,6.3803,,EA,ORB
IRS-P4 (OCEANSAT-1),1999-029C,25758,PAY,-,IND,5/26/1999,SRILR,,98.96,97.95,711,707,3.4542,,EA,ORB
PSLV R/B,1999-029D,25759,R/B,,IND,5/26/1999,SRILR,,98.92,98.63,727,687,6.0619,,EA,ORB
ASLV-D4 DEB,1994-027C,25819,DEB,D,IND,5/4/1994,SRILR,8/26/1999,89.23,45.99,250,224,0.0534,,EA,IMP
INSAT-3B,2000-016B,26108,PAY,-,IND,3/21/2000,FRGUI,,1444.99,10.48,36001,35920,5.0119,,EA,ORB
IRS-P3 DEB,1996-017C,26602,DEB,D,IND,3/21/1996,SRILR,2/6/2004,89.15,98.49,247,218,0.1733,,EA,IMP
GSAT-1,2001-015A,26745,PAY,-,IND,4/18/2001,SRILR,,1387,12.73,35804,33836,3.1622,,EA,ORB
GSLV R/B,2001-015B,26746,R/B,D,IND,4/18/2001,SRILR,1/18/2003,97.05,18.99,1130,104,6.3095,,EA,IMP
TES,2001-049A,26957,PAY,-,IND,10/22/2001,SRILR,,89.53,97.82,255,247,3.2203,,EA,ORB
PSLV R/B,2001-049D,26960,R/B,,IND,10/22/2001,SRILR,,91.15,97.65,339,323,4.878,,EA,ORB
PSLV DEB,2001-049E,27062,DEB,D,IND,10/22/2001,SRILR,12/30/2001,89.55,98.54,309,196,0.3125,,EA,IMP
PSLV DEB,2001-049F,27063,DEB,D,IND,10/22/2001,SRILR,6/17/2015,88.27,97.61,197,181,0.026,,EA,IMP
PSLV DEB,2001-049G,27064,DEB,D,IND,10/22/2001,SRILR,5/13/2002,88.61,97.73,220,191,0.0056,,EA,IMP
PSLV DEB,2001-049H,27065,DEB,D,IND,10/22/2001,SRILR,5/13/2003,88.79,97.67,220,209,0.0443,,EA,IMP
PSLV DEB,2001-049J,27066,DEB,D,IND,10/22/2001,SRILR,8/16/2002,90.34,98.04,310,273,0.0466,,EA,IMP
PSLV DEB,2001-049K,27067,DEB,D,IND,10/22/2001,SRILR,1/25/2003,90.12,97.74,284,277,0.0826,,EA,IMP
PSLV DEB,2001-049L,27068,DEB,D,IND,10/22/2001,SRILR,9/16/2013,87.34,97.73,157,129,0.097,,EA,IMP
PSLV DEB,2001-049M,27069,DEB,D,IND,10/22/2001,SRILR,11/11/2014,87.89,97.21,175,165,0.0315,,EA,IMP
PSLV DEB,2001-049N,27070,DEB,D,IND,10/22/2001,SRILR,1/28/2003,87.48,98.74,155,144,1.7105,,EA,IMP
PSLV DEB,2001-049P,27071,DEB,D,IND,10/22/2001,SRILR,8/1/2002,87.98,98.73,188,161,0.0212,,EA,IMP
PSLV DEB,2001-049Q,27072,DEB,D,IND,10/22/2001,SRILR,4/19/2002,90.53,98.04,329,272,0.3799,,EA,IMP
PSLV DEB,2001-049R,27073,DEB,D,IND,10/22/2001,SRILR,6/6/2002,87.68,97.39,166,154,0.0733,,EA,IMP
PSLV DEB,2001-049S,27074,DEB,D,IND,10/22/2001,SRILR,10/26/2002,88.77,97.17,216,211,0.954,,EA,IMP
PSLV DEB,2001-049T,27075,DEB,D,IND,10/22/2001,SRILR,10/3/2014,89.18,96.2,238,230,0.1221,,EA,IMP
PSLV DEB,2001-049U,27076,DEB,D,IND,10/22/2001,SRILR,4/27/2003,88.53,97.07,207,196,0.161,,EA,IMP
PSLV DEB,2001-049V,27077,DEB,D,IND,10/22/2001,SRILR,5/8/2002,87.94,97.21,189,156,0.0203,,EA,IMP
PSLV DEB,2001-049W,27078,DEB,D,IND,10/22/2001,SRILR,4/14/2003,89.15,97.76,246,219,0.0564,,EA,IMP
PSLV DEB,2001-049X,27079,DEB,D,IND,10/22/2001,SRILR,4/7/2002,90.03,97.55,300,252,0.0465,,EA,IMP
PSLV DEB,2001-049Y,27080,DEB,D,IND,10/22/2001,SRILR,6/11/2002,89.68,97.6,272,245,0.038,,EA,IMP
PSLV DEB,2001-049Z,27081,DEB,D,IND,10/22/2001,SRILR,9/5/2002,89.85,96.8,283,251,0.0329,,EA,IMP
PSLV DEB,2001-049AA,27082,DEB,D,IND,10/22/2001,SRILR,1/10/2003,88.42,97.68,205,188,0.3334,,EA,IMP
PSLV DEB,2001-049AB,27083,DEB,D,IND,10/22/2001,SRILR,5/11/2004,88.55,97.67,214,191,0.1591,,EA,IMP
PSLV DEB,2001-049AC,27084,DEB,D,IND,10/22/2001,SRILR,5/1/2003,88.05,97.69,185,171,0.2243,,EA,IMP
PSLV DEB,2001-049AD,27085,DEB,D,IND,10/22/2001,SRILR,7/17/2012,87.52,97.38,163,141,0.1768,,EA,IMP
PSLV DEB,2001-049AE,27086,DEB,D,IND,10/22/2001,SRILR,12/21/2002,88.01,98.74,183,169,0.2648,,EA,IMP
PSLV DEB,2001-049AF,27087,DEB,D,IND,10/22/2001,SRILR,5/2/2009,88.11,97.72,190,172,0.0283,,EA,IMP
PSLV DEB,2001-049AG,27088,DEB,D,IND,10/22/2001,SRILR,8/13/2013,88.21,97.68,193,179,0.0552,,EA,IMP
PSLV DEB,2001-049AH,27089,DEB,,IND,10/22/2001,SRILR,,96.09,98.13,606,536,0.151,,EA,ORB
PSLV DEB,2001-049AJ,27090,DEB,D,IND,10/22/2001,SRILR,2/11/2003,90.41,97.68,297,292,0.1906,,EA,IMP
PSLV DEB,2001-049AK,27091,DEB,D,IND,10/22/2001,SRILR,1/10/2014,88.13,97.66,186,178,0.062,,EA,IMP
PSLV DEB,2001-049AL,27092,DEB,D,IND,10/22/2001,SRILR,8/23/2002,88.88,97.53,235,204,0.0751,,EA,IMP
PSLV DEB,2001-049AM,27093,DEB,D,IND,10/22/2001,SRILR,10/27/2004,87.99,97.71,184,166,0.133,,EA,IMP
PSLV DEB,2001-049AN,27094,DEB,D,IND,10/22/2001,SRILR,10/7/2002,89.36,97.85,256,229,0.0259,,EA,IMP
PSLV DEB,2001-049AP,27095,DEB,D,IND,10/22/2001,SRILR,10/16/2002,90.31,97.74,304,275,0.187,,EA,IMP
PSLV DEB,2001-049AQ,27096,DEB,D,IND,10/22/2001,SRILR,10/22/2003,89.27,97.02,252,225,0.0307,,EA,IMP
PSLV DEB,2001-049AR,27097,DEB,D,IND,10/22/2001,SRILR,11/24/2021,87.89,97.53,171,169,0.0202,,EA,IMP
PSLV DEB,2001-049AS,27098,DEB,D,IND,10/22/2001,SRILR,4/21/2012,87,97.75,128,124,0.0515,,EA,IMP
PSLV DEB,2001-049AT,27099,DEB,D,IND,10/22/2001,SRILR,8/28/2003,88.42,97.63,207,186,0.038,,EA,IMP
PSLV DEB,2001-049AU,27100,DEB,D,IND,10/22/2001,SRILR,11/20/2002,88.97,98.81,241,207,0.0797,,EA,IMP
PSLV DEB,2001-049AV,27101,DEB,D,IND,10/22/2001,SRILR,5/21/2002,87.71,97.7,177,144,0.0185,,EA,IMP
PSLV DEB,2001-049AW,27102,DEB,D,IND,10/22/2001,SRILR,11/12/2002,90.51,97.8,311,289,0.0796,,EA,IMP
PSLV DEB,2001-049AX,27103,DEB,D,IND,10/22/2001,SRILR,12/14/2002,88.84,97.38,222,213,0.154,,EA,IMP
PSLV DEB,2001-049AY,27104,DEB,D,IND,10/22/2001,SRILR,10/19/2010,88,98.83,179,172,0.0135,,EA,IMP
PSLV DEB,2001-049AZ,27105,DEB,D,IND,10/22/2001,SRILR,10/29/2016,87.73,97.34,168,156,0.039,,EA,IMP
PSLV DEB,2001-049BA,27106,DEB,D,IND,10/22/2001,SRILR,9/2/2002,90.65,97.95,326,287,0.0198,,EA,IMP
PSLV DEB,2001-049BB,27107,DEB,D,IND,10/22/2001,SRILR,9/16/2013,88.23,97.76,190,184,0.02,,EA,IMP
PSLV DEB,2001-049BC,27108,DEB,D,IND,10/22/2001,SRILR,11/30/2002,90.1,97.72,294,264,0.0959,,EA,IMP
PSLV DEB,2001-049BD,27109,DEB,D,IND,10/22/2001,SRILR,4/8/2004,88.45,97.69,207,189,0.036,,EA,IMP
PSLV DEB,2001-049BE,27110,DEB,D,IND,10/22/2001,SRILR,7/14/2002,88.05,97.35,192,164,0.0171,,EA,IMP
PSLV DEB,2001-049BF,27111,DEB,D,IND,10/22/2001,SRILR,11/22/2003,89.19,97.69,239,230,0.0364,,EA,IMP
PSLV DEB,2001-049BG,27112,DEB,D,IND,10/22/2001,SRILR,3/14/2002,88.84,98.07,222,212,0.0253,,EA,IMP
PSLV DEB,2001-049BH,27113,DEB,D,IND,10/22/2001,SRILR,5/23/2003,88.89,97.61,230,210,0.0126,,EA,IMP
PSLV DEB,2001-049BJ,27114,DEB,D,IND,10/22/2001,SRILR,3/4/2017,88.18,97.78,190,179,0.045,,EA,IMP
PSLV DEB,2001-049BK,27115,DEB,D,IND,10/22/2001,SRILR,6/17/2019,88.09,97.62,189,170,0.0184,,EA,IMP
PSLV DEB,2001-049BL,27116,DEB,D,IND,10/22/2001,SRILR,12/18/2003,88.34,97.86,209,176,0.0342,,EA,IMP
PSLV DEB,2001-049BM,27117,DEB,D,IND,10/22/2001,SRILR,1/13/2003,89.97,97.79,277,269,0.0394,,EA,IMP
PSLV DEB,2001-049BN,27118,DEB,D,IND,10/22/2001,SRILR,7/22/2005,88,97.72,185,166,0.034,,EA,IMP
PSLV DEB,2001-049BP,27119,DEB,D,IND,10/22/2001,SRILR,8/27/2024,87.7,97.59,170,152,0.033,,EA,IMP
PSLV DEB,2001-049BQ,27120,DEB,D,IND,10/22/2001,SRILR,3/13/2002,91.12,97.69,334,325,0.0906,,EA,IMP
PSLV DEB,2001-049BR,27121,DEB,D,IND,10/22/2001,SRILR,11/11/2022,87.89,97.15,176,164,0.0858,,EA,IMP
PSLV DEB,2001-049BS,27122,DEB,D,IND,10/22/2001,SRILR,3/29/2002,92.44,97.77,419,370,0.0685,,EA,IMP
PSLV DEB,2001-049BT,27123,DEB,,IND,10/22/2001,SRILR,,97.86,97.35,682,630,0.0156,,EA,ORB
PSLV DEB,2001-049BU,27124,DEB,,IND,10/22/2001,SRILR,,96.51,98.08,611,572,0.3897,,EA,ORB
PSLV DEB,2001-049BV,27125,DEB,D,IND,10/22/2001,SRILR,9/29/2016,88.57,97.44,210,197,0.1818,,EA,IMP
PSLV DEB,2001-049BW,27126,DEB,,IND,10/22/2001,SRILR,,93.12,98.17,436,419,0.1381,,EA,ORB
PSLV DEB,2001-049BX,27127,DEB,D,IND,10/22/2001,SRILR,10/19/2024,87.59,97.65,158,152,0.29,,EA,IMP
PSLV DEB,2001-049BY,27128,DEB,D,IND,10/22/2001,SRILR,4/25/2023,87.85,97.77,175,161,0.0543,,EA,IMP
PSLV DEB,2001-049BZ,27129,DEB,D,IND,10/22/2001,SRILR,8/20/2024,88.23,97.82,197,176,0.059,,EA,IMP
PSLV DEB,2001-049CA,27130,DEB,,IND,10/22/2001,SRILR,,96.99,98.16,624,605,0.141,,EA,ORB
PSLV DEB,2001-049CB,27131,DEB,D,IND,10/22/2001,SRILR,8/24/2004,88.74,97.87,224,200,0.141,,EA,IMP
PSLV DEB,2001-049CC,27132,DEB,D,IND,10/22/2001,SRILR,8/13/2025,87.92,97.63,180,163,0.0459,,EA,IMP
PSLV DEB,2001-049CD,27133,DEB,,IND,10/22/2001,SRILR,,98.01,97.74,694,633,0.031,,EA,ORB
PSLV DEB,2001-049CE,27134,DEB,D,IND,10/22/2001,SRILR,6/4/2012,89.49,97.87,254,244,0.1383,,EA,IMP
PSLV DEB,2001-049CF,27135,DEB,D,IND,10/22/2001,SRILR,7/22/2011,89.28,97.59,248,230,0.056,,EA,IMP
PSLV DEB,2001-049CG,27136,DEB,,IND,10/22/2001,SRILR,,95.41,97.92,558,520,0.1035,,EA,ORB
PSLV DEB,2001-049CH,27137,DEB,D,IND,10/22/2001,SRILR,2/25/2013,88.69,97.61,217,203,0.03,,EA,IMP
PSLV DEB,2001-049CJ,27138,DEB,D,IND,10/22/2001,SRILR,12/1/2004,89.65,97.66,267,247,0.0923,,EA,IMP
PSLV DEB,2001-049CK,27139,DEB,D,IND,10/22/2001,SRILR,4/19/2002,89.67,97.53,282,234,0.0651,,EA,IMP
PSLV DEB,2001-049CL,27140,DEB,D,IND,10/22/2001,SRILR,12/29/2014,87.53,97.65,161,143,0.055,,EA,IMP
PSLV DEB,2001-049CM,27141,DEB,,IND,10/22/2001,SRILR,,96.64,98.1,631,564,0.1244,,EA,ORB
PSLV DEB,2001-049CN,27142,DEB,,IND,10/22/2001,SRILR,,101.87,97.39,1047,647,0.0164,,EA,ORB
PSLV DEB,2001-049CP,27143,DEB,D,IND,10/22/2001,SRILR,10/2/2002,87.81,98.68,179,153,0.0082,,EA,IMP
PSLV DEB,2001-049CQ,27144,DEB,D,IND,10/22/2001,SRILR,1/10/2005,88.1,97.7,185,176,0.0295,,EA,IMP
PSLV DEB,2001-049CR,27145,DEB,D,IND,10/22/2001,SRILR,9/5/2003,89.89,98.62,296,242,0.0908,,EA,IMP
PSLV DEB,2001-049CS,27146,DEB,,IND,10/22/2001,SRILR,,96.32,98.06,608,556,0.087,,EA,ORB
PSLV DEB,2001-049CT,27147,DEB,D,IND,10/22/2001,SRILR,2/23/2023,88.66,97.34,214,202,0.041,,EA,IMP
PSLV DEB,2001-049CU,27148,DEB,D,IND,10/22/2001,SRILR,12/16/2014,88.18,97.42,187,182,0.0473,,EA,IMP
PSLV DEB,2001-049CV,27149,DEB,D,IND,10/22/2001,SRILR,10/15/2012,89.33,97.82,253,229,0.0106,,EA,IMP
PSLV DEB,2001-049CW,27150,DEB,D,IND,10/22/2001,SRILR,9/4/2023,88.26,97.74,198,179,0.0342,,EA,IMP
PSLV DEB,2001-049CX,27151,DEB,D,IND,10/22/2001,SRILR,12/19/2024,87.37,97.61,150,138,0.1011,,EA,IMP
PSLV DEB,2001-049CY,27152,DEB,,IND,10/22/2001,SRILR,,95.58,98,561,533,0.06,,EA,ORB
PSLV DEB,2001-049CZ,27153,DEB,,IND,10/22/2001,SRILR,,93.58,97.83,459,441,0.021,,EA,ORB
PSLV DEB,2001-049DA,27154,DEB,D,IND,10/22/2001,SRILR,3/3/2010,87.24,98.27,138,138,0.0568,,EA,IMP
PSLV DEB,2001-049DB,27155,DEB,D,IND,10/22/2001,SRILR,2/10/2015,90.92,97.64,327,312,0.027,,EA,IMP
PSLV DEB,2001-049DC,27156,DEB,D,IND,10/22/2001,SRILR,4/9/2004,88.32,97.83,208,175,0.0324,,EA,IMP
PSLV DEB,2001-049DD,27157,DEB,D,IND,10/22/2001,SRILR,8/28/2006,89.17,98,249,218,0.0327,,EA,IMP
PSLV DEB,2001-049DE,27158,DEB,D,IND,10/22/2001,SRILR,11/17/2012,88.92,97.55,235,207,0.042,,EA,IMP
PSLV DEB,2001-049DF,27159,DEB,D,IND,10/22/2001,SRILR,8/25/2009,89.56,97.73,265,241,0.0074,,EA,IMP
PSLV DEB,2001-049DG,27160,DEB,,IND,10/22/2001,SRILR,,97.93,98.38,693,626,0.0145,,EA,ORB
PSLV DEB,2001-049DH,27161,DEB,D,IND,10/22/2001,SRILR,5/12/2006,89.55,97.63,267,237,0.0304,,EA,IMP
PSLV DEB,2001-049DJ,27162,DEB,D,IND,10/22/2001,SRILR,9/18/2002,89.63,98.39,270,243,0.0043,,EA,IMP
PSLV DEB,2001-049DK,27163,DEB,D,IND,10/22/2001,SRILR,11/24/2002,88.42,98.78,210,182,0.0103,,EA,IMP
PSLV DEB,2001-049DL,27164,DEB,D,IND,10/22/2001,SRILR,5/28/2002,91.32,97.74,353,326,0.0236,,EA,IMP
PSLV DEB,2001-049DM,27165,DEB,D,IND,10/22/2001,SRILR,2/12/2004,89.21,97.86,250,220,0.028,,EA,IMP
PSLV DEB,2001-049DN,27170,DEB,D,IND,10/22/2001,SRILR,2/16/2002,89.42,98.79,265,227,0.0184,,EA,IMP
PSLV DEB,2001-049DP,27171,DEB,D,IND,10/22/2001,SRILR,5/7/2002,90.83,97.67,329,301,0.0548,,EA,IMP
PSLV DEB,2001-049DQ,27172,DEB,D,IND,10/22/2001,SRILR,8/17/2002,90.57,97.82,320,285,0.0924,,EA,IMP
PSLV DEB,2001-049DR,27173,DEB,D,IND,10/22/2001,SRILR,7/19/2002,88.32,97.88,214,169,0.0163,,EA,IMP
PSLV DEB,2001-049DS,27174,DEB,D,IND,10/22/2001,SRILR,4/25/2002,90.73,97.68,329,292,0.0525,,EA,IMP
PSLV DEB,2001-049DT,27175,DEB,D,IND,10/22/2001,SRILR,4/26/2002,91.87,97.74,387,345,0.0116,,EA,IMP
PSLV DEB,2001-049DU,27176,DEB,D,IND,10/22/2001,SRILR,1/23/2002,88.8,98.72,242,188,0.08,,EA,IMP
PSLV DEB,2001-049DV,27177,DEB,D,IND,10/22/2001,SRILR,6/10/2002,88.65,97.56,223,193,0.0155,,EA,IMP
PSLV DEB,2001-049DW,27178,DEB,D,IND,10/22/2001,SRILR,12/10/2002,88.7,97.56,219,201,0.0293,,EA,IMP
PSLV DEB,2001-049DX,27179,DEB,D,IND,10/22/2001,SRILR,7/6/2002,88.99,96.67,238,211,0.0027,,EA,IMP
PSLV DEB,2001-049DY,27180,DEB,D,IND,10/22/2001,SRILR,5/13/2002,88.49,96.82,224,176,0.066,,EA,IMP
PSLV DEB,2001-049DZ,27181,DEB,D,IND,10/22/2001,SRILR,6/18/2003,88.78,97.75,228,200,0.0629,,EA,IMP
PSLV DEB,2001-049EA,27182,DEB,D,IND,10/22/2001,SRILR,1/17/2002,90.3,98.89,341,237,0.0324,,EA,IMP
PSLV DEB,2001-049EB,27183,DEB,D,IND,10/22/2001,SRILR,3/4/2002,90.22,97.64,313,257,0.0461,,EA,IMP
PSLV DEB,2001-049EC,27184,DEB,D,IND,10/22/2001,SRILR,3/19/2002,89.75,97.74,274,251,0.0859,,EA,IMP
PSLV DEB,2001-049ED,27185,DEB,D,IND,10/22/2001,SRILR,3/30/2002,91.98,97.73,408,335,0.0248,,EA,IMP
PSLV DEB,2001-049EE,27186,DEB,D,IND,10/22/2001,SRILR,4/13/2002,90.65,97.65,325,288,0.0266,,EA,IMP
PSLV DEB,2001-049EF,27187,DEB,D,IND,10/22/2001,SRILR,5/28/2002,89.2,97.77,242,228,0.0128,,EA,IMP
PSLV DEB,2001-049EG,27188,DEB,D,IND,10/22/2001,SRILR,4/18/2002,90.28,97.77,305,272,0.0737,,EA,IMP
PSLV DEB,2001-049EH,27189,DEB,D,IND,10/22/2001,SRILR,3/26/2002,90.94,97.75,331,310,0.007,,EA,IMP
PSLV DEB,2001-049EJ,27190,DEB,D,IND,10/22/2001,SRILR,4/18/2002,89.09,97.84,239,220,0.0502,,EA,IMP
PSLV DEB,2001-049EK,27191,DEB,D,IND,10/22/2001,SRILR,4/18/2002,89.59,97.74,271,238,0.0079,,EA,IMP
PSLV DEB,2001-049EL,27192,DEB,D,IND,10/22/2001,SRILR,4/18/2002,90.72,97.79,327,293,0.007,,EA,IMP
PSLV DEB,2001-049EM,27193,DEB,D,IND,10/22/2001,SRILR,8/7/2002,88.42,97.73,205,187,0.0019,,EA,IMP
PSLV DEB,2001-049EN,27194,DEB,D,IND,10/22/2001,SRILR,6/27/2002,88.61,97.66,219,193,0.0127,,EA,IMP
PSLV DEB,2001-049EP,27195,DEB,D,IND,10/22/2001,SRILR,2/23/2002,91.54,98.43,386,314,0.0027,,EA,IMP
PSLV DEB,2001-049EQ,27196,DEB,D,IND,10/22/2001,SRILR,3/19/2002,89.21,97.8,250,220,0.0639,,EA,IMP
PSLV DEB,2001-049ER,27197,DEB,D,IND,10/22/2001,SRILR,2/6/2002,88.85,97.85,265,171,0.0691,,EA,IMP
PSLV DEB,2001-049ES,27198,DEB,D,IND,10/22/2001,SRILR,9/5/2002,89.62,97.73,274,237,0.0089,,EA,IMP
PSLV DEB,2001-049ET,27199,DEB,D,IND,10/22/2001,SRILR,1/19/2002,89.42,98.16,290,201,0.0402,,EA,IMP
PSLV DEB,2001-049EU,27200,DEB,D,IND,10/22/2001,SRILR,3/11/2002,89.68,98.68,293,225,0.0063,,EA,IMP
PSLV DEB,2001-049EV,27201,DEB,D,IND,10/22/2001,SRILR,2/14/2002,91.53,98.32,434,265,0.0394,,EA,IMP
PSLV DEB,2001-049EW,27202,DEB,D,IND,10/22/2001,SRILR,4/15/2002,90.58,96.47,342,264,0.0097,,EA,IMP
PSLV DEB,2001-049EX,27203,DEB,D,IND,10/22/2001,SRILR,5/4/2002,91.93,97.71,405,333,0.0047,,EA,IMP
PSLV DEB,2001-049EY,27204,DEB,D,IND,10/22/2001,SRILR,3/18/2002,88.68,98.51,218,200,0.0228,,EA,IMP
PSLV DEB,2001-049EZ,27205,DEB,D,IND,10/22/2001,SRILR,9/27/2002,88.83,97.37,231,202,0.0104,,EA,IMP
PSLV DEB,2001-049FA,27206,DEB,D,IND,10/22/2001,SRILR,3/6/2002,91.99,97.8,393,352,0.014,,EA,IMP
PSLV DEB,2001-049FB,27207,DEB,D,IND,10/22/2001,SRILR,3/30/2002,92.95,97.78,441,397,0.0048,,EA,IMP
PSLV DEB,2001-049FC,27208,DEB,D,IND,10/22/2001,SRILR,3/30/2002,95.99,97.72,638,495,0.0091,,EA,IMP
PSLV DEB,2001-049FD,27209,DEB,D,IND,10/22/2001,SRILR,1/25/2002,89.95,97.76,306,238,0.0139,,EA,IMP
PSLV DEB,2001-049FE,27210,DEB,D,IND,10/22/2001,SRILR,8/14/2002,88.7,97.62,225,196,0.0133,,EA,IMP
PSLV DEB,2001-049FF,27211,DEB,D,IND,10/22/2001,SRILR,9/29/2002,90.08,97.73,284,273,0.0444,,EA,IMP
PSLV DEB,2001-049FG,27212,DEB,D,IND,10/22/2001,SRILR,3/3/2002,93.42,97.8,476,408,0.0128,,EA,IMP
PSLV DEB,2001-049FH,27213,DEB,D,IND,10/22/2001,SRILR,4/18/2002,92.11,97.74,386,371,0.0071,,EA,IMP
PSLV DEB,2001-049FJ,27214,DEB,D,IND,10/22/2001,SRILR,1/29/2002,88.49,97.76,214,186,0.0182,,EA,IMP
PSLV DEB,2001-049FK,27215,DEB,D,IND,10/22/2001,SRILR,11/22/2002,92.06,97.37,383,369,0.0014,,EA,IMP
PSLV DEB,2001-049FL,27216,DEB,D,IND,10/22/2001,SRILR,3/28/2024,90,98.12,280,269,0.0085,,EA,IMP
PSLV DEB,2001-049FM,27217,DEB,D,IND,10/22/2001,SRILR,4/23/2004,89.37,97.64,256,231,0.0135,,EA,IMP
PSLV DEB,2001-049FN,27218,DEB,D,IND,10/22/2001,SRILR,10/31/2024,88.63,98.82,218,195,0.0072,,EA,IMP
PSLV DEB,2001-049FP,27219,DEB,D,IND,10/22/2001,SRILR,8/28/2002,89.52,97.78,260,241,0.0108,,EA,IMP
PSLV DEB,2001-049FQ,27220,DEB,D,IND,10/22/2001,SRILR,2/8/2002,91.7,97.74,383,334,0.0021,,EA,IMP
PSLV DEB,2001-049FR,27221,DEB,D,IND,10/22/2001,SRILR,5/16/2002,95.1,97.71,552,495,0.0039,,EA,IMP
PSLV DEB,2001-049FS,27222,DEB,D,IND,10/22/2001,SRILR,5/29/2012,88.8,97.21,229,201,0.006,,EA,IMP
PSLV DEB,2001-049FT,27223,DEB,D,IND,10/22/2001,SRILR,5/15/2002,91.2,97.16,356,311,0.0038,,EA,IMP
PSLV DEB,2001-049FU,27224,DEB,D,IND,10/22/2001,SRILR,11/13/2002,91.37,97.24,352,332,0.0036,,EA,IMP
PSLV DEB,2001-049FV,27225,DEB,D,IND,10/22/2001,SRILR,5/26/2002,89.62,97.38,272,239,0.0093,,EA,IMP
PSLV DEB,2001-049FW,27226,DEB,D,IND,10/22/2001,SRILR,4/27/2025,89.08,97.81,238,220,0.0045,,EA,IMP
PSLV DEB,2001-049FX,27227,DEB,D,IND,10/22/2001,SRILR,4/5/2002,91.13,98.23,357,304,0.0101,,EA,IMP
PSLV DEB,2001-049FY,27228,DEB,D,IND,10/22/2001,SRILR,2/27/2002,90.16,97.78,309,255,0.0625,,EA,IMP
PSLV DEB,2001-049FZ,27229,DEB,D,IND,10/22/2001,SRILR,4/20/2002,90.28,97.54,318,259,0.014,,EA,IMP
PSLV DEB,2001-049GA,27230,DEB,D,IND,10/22/2001,SRILR,4/26/2002,91.3,97.72,358,318,0.0039,,EA,IMP
PSLV DEB,2001-049GB,27231,DEB,D,IND,10/22/2001,SRILR,2/13/2008,88.82,97.75,222,210,0.03,,EA,IMP
PSLV DEB,2001-049GC,27232,DEB,D,IND,10/22/2001,SRILR,2/19/2002,89.29,97.78,256,222,0.0101,,EA,IMP
PSLV DEB,2001-049GD,27233,DEB,D,IND,10/22/2001,SRILR,3/3/2002,90.93,97.8,337,303,0.0123,,EA,IMP
PSLV DEB,2001-049GE,27234,DEB,D,IND,10/22/2001,SRILR,5/7/2004,89.64,98.58,266,247,0.002,,EA,IMP
PSLV DEB,2001-049GF,27235,DEB,D,IND,10/22/2001,SRILR,12/12/2002,88.71,97.82,223,199,0.0112,,EA,IMP
PSLV DEB,2001-049GG,27236,DEB,D,IND,10/22/2001,SRILR,9/18/2002,90.83,97.65,330,301,0.025,,EA,IMP
PSLV DEB,2001-049GH,27237,DEB,D,IND,10/22/2001,SRILR,6/17/2002,89.16,97.76,245,220,0.0048,,EA,IMP
PSLV DEB,2001-049GJ,27238,DEB,D,IND,10/22/2001,SRILR,9/21/2002,91.73,97.75,363,356,0.0213,,EA,IMP
PSLV DEB,2001-049GK,27239,DEB,D,IND,10/22/2001,SRILR,8/13/2004,89.42,97.38,256,236,0.0369,,EA,IMP
PSLV DEB,2001-049GL,27240,DEB,D,IND,10/22/2001,SRILR,4/1/2003,91.11,97.65,335,322,0.0644,,EA,IMP
PSLV DEB,2001-049GM,27241,DEB,D,IND,10/22/2001,SRILR,9/11/2002,90.59,98.56,321,286,0.0021,,EA,IMP
PSLV DEB,2001-049GN,27242,DEB,D,IND,10/22/2001,SRILR,7/23/2003,92.12,98.06,394,363,0.0478,,EA,IMP
PSLV DEB,2001-049GP,27243,DEB,D,IND,10/22/2001,SRILR,2/20/2002,91.28,97.79,357,318,0.0096,,EA,IMP
PSLV DEB,2001-049GQ,27244,DEB,D,IND,10/22/2001,SRILR,3/3/2002,92.43,97.76,422,366,0.0373,,EA,IMP
PSLV DEB,2001-049GR,27245,DEB,D,IND,10/22/2001,SRILR,6/29/2002,88.34,97.88,206,179,0.0338,,EA,IMP
PSLV DEB,2001-049GS,27246,DEB,D,IND,10/22/2001,SRILR,5/3/2003,88.71,97.62,221,201,0.0824,,EA,IMP
PSLV DEB,2001-049GT,27247,DEB,D,IND,10/22/2001,SRILR,8/14/2002,89.57,97.76,274,232,0.0027,,EA,IMP
PSLV DEB,2001-049GU,27248,DEB,D,IND,10/22/2001,SRILR,9/22/2002,91.07,97.99,350,304,0.0178,,EA,IMP
PSLV DEB,2001-049GV,27249,DEB,D,IND,10/22/2001,SRILR,2/25/2003,90.05,97.68,288,266,0.0493,,EA,IMP
PSLV DEB,2001-049GW,27250,DEB,D,IND,10/22/2001,SRILR,2/24/2006,88.32,97.62,198,184,0.0281,,EA,IMP
PSLV DEB,2001-049GX,27251,DEB,D,IND,10/22/2001,SRILR,5/18/2002,89.75,97.69,280,244,0.0071,,EA,IMP
PSLV DEB,2001-049GY,27252,DEB,D,IND,10/22/2001,SRILR,5/1/2002,91.74,97.68,378,342,0.0101,,EA,IMP
PSLV DEB,2001-049GZ,27253,DEB,D,IND,10/22/2001,SRILR,3/15/2002,93.06,97.81,434,415,0.0041,,EA,IMP
PSLV DEB,2001-049HA,27254,DEB,D,IND,10/22/2001,SRILR,5/13/2002,90.44,97.68,326,266,0.0139,,EA,IMP
PSLV DEB,2001-049HB,27255,DEB,D,IND,10/22/2001,SRILR,9/2/2025,89.05,97.85,236,219,0.009,,EA,IMP
PSLV DEB,2001-049HC,27256,DEB,D,IND,10/22/2001,SRILR,2/17/2002,92.5,97.65,440,355,0.0029,,EA,IMP
PSLV DEB,2001-049HD,27257,DEB,D,IND,10/22/2001,SRILR,2/6/2002,90.55,96.38,316,287,0.0029,,EA,IMP
PSLV DEB,2001-049HE,27258,DEB,D,IND,10/22/2001,SRILR,3/16/2002,91.57,97.61,369,335,0.004,,EA,IMP
PSLV DEB,2001-049HF,27259,DEB,D,IND,10/22/2001,SRILR,2/13/2004,89.45,97.08,254,240,0.0225,,EA,IMP
PSLV DEB,2001-049HG,27260,DEB,D,IND,10/22/2001,SRILR,3/20/2003,89.1,97.74,239,221,0.006,,EA,IMP
PSLV DEB,2001-049HH,27261,DEB,D,IND,10/22/2001,SRILR,2/14/2002,90.69,98.19,364,253,0.0106,,EA,IMP
PSLV DEB,2001-049HJ,27262,DEB,D,IND,10/22/2001,SRILR,2/20/2002,90.55,97.69,318,285,0.0116,,EA,IMP
PSLV DEB,2001-049HK,27263,DEB,D,IND,10/22/2001,SRILR,11/10/2002,90.93,97.74,334,306,0.0086,,EA,IMP
PSLV DEB,2001-049HL,27264,DEB,D,IND,10/22/2001,SRILR,2/18/2002,89.4,97.77,264,226,0.0035,,EA,IMP
PSLV DEB,2001-049HM,27265,DEB,D,IND,10/22/2001,SRILR,4/16/2002,91.39,97.83,353,332,0.0135,,EA,IMP
PSLV DEB,2001-049HN,27266,DEB,D,IND,10/22/2001,SRILR,4/15/2002,91.04,97.72,343,308,0.0007,,EA,IMP
PSLV DEB,2001-049HP,27267,DEB,D,IND,10/22/2001,SRILR,10/14/2025,91.16,97.86,340,323,0.0148,,EA,IMP
PSLV DEB,2001-049HQ,27268,DEB,D,IND,10/22/2001,SRILR,8/25/2002,88.28,97.65,206,173,0.0121,,EA,IMP
PSLV DEB,2001-049HR,27269,DEB,D,IND,10/22/2001,SRILR,10/2/2002,91.31,97.81,350,328,0.0215,,EA,IMP
PSLV DEB,2001-049HS,27270,DEB,D,IND,10/22/2001,SRILR,4/2/2002,93.24,97.84,438,428,0.0168,,EA,IMP
PSLV DEB,2001-049HT,27271,DEB,D,IND,10/22/2001,SRILR,4/20/2002,92.41,97.78,401,384,0.0038,,EA,IMP
PSLV DEB,2001-049HU,27272,DEB,D,IND,10/22/2001,SRILR,4/17/2002,93.36,97.48,491,387,0.0049,,EA,IMP
PSLV DEB,2001-049HV,27273,DEB,D,IND,10/22/2001,SRILR,1/6/2015,88.12,97.54,184,179,0.031,,EA,IMP
PSLV DEB,2001-049HW,27274,DEB,D,IND,10/22/2001,SRILR,1/27/2002,90.63,97.64,325,286,0.0022,,EA,IMP
PSLV DEB,2001-049HX,27275,DEB,D,IND,10/22/2001,SRILR,10/22/2002,90.07,97.75,296,260,0.0013,,EA,IMP
PSLV DEB,2001-049HY,27276,DEB,D,IND,10/22/2001,SRILR,1/26/2002,89.77,98.68,282,244,0.0178,,EA,IMP
PSLV DEB,2001-049HZ,27277,DEB,D,IND,10/22/2001,SRILR,2/6/2002,91.2,97.65,352,315,0.011,,EA,IMP
PSLV DEB,2001-049JA,27278,DEB,D,IND,10/22/2001,SRILR,2/6/2002,90.1,97.79,299,260,0.0531,,EA,IMP
PSLV DEB,2001-049JB,27279,DEB,D,IND,10/22/2001,SRILR,3/29/2002,92.99,97.73,448,394,0.0144,,EA,IMP
PSLV DEB,2001-049JC,27280,DEB,D,IND,10/22/2001,SRILR,2/23/2002,91.58,98.75,380,324,0.018,,EA,IMP
PSLV DEB,2001-049JD,27281,DEB,D,IND,10/22/2001,SRILR,5/4/2002,93.35,97.84,456,421,0.027,,EA,IMP
PSLV DEB,2001-049JE,27282,DEB,D,IND,10/22/2001,SRILR,2/7/2002,91.2,97.64,376,291,0.0027,,EA,IMP
PSLV DEB,2001-049JF,27283,DEB,D,IND,10/22/2001,SRILR,3/25/2002,91.18,97.64,344,320,0.0109,,EA,IMP
PSLV DEB,2001-049JG,27284,DEB,D,IND,10/22/2001,SRILR,3/8/2002,91.45,97.91,372,320,0.0207,,EA,IMP
PSLV DEB,2001-049JH,27285,DEB,D,IND,10/22/2001,SRILR,6/9/2002,87.63,97.72,167,148,0.0042,,EA,IMP
PSLV DEB,2001-049JJ,27286,DEB,D,IND,10/22/2001,SRILR,12/4/2014,88.41,97.28,197,194,0.0108,,EA,IMP
PSLV DEB,2001-049JK,27287,DEB,D,IND,10/22/2001,SRILR,8/9/2002,88.9,97.74,237,204,0.0139,,EA,IMP
PSLV DEB,2001-049JL,27288,DEB,D,IND,10/22/2001,SRILR,1/29/2002,92.91,97.78,450,385,0.038,,EA,IMP
PSLV DEB,2001-049JM,27289,DEB,D,IND,10/22/2001,SRILR,5/25/2002,90.88,97.69,346,289,0.0055,,EA,IMP
PSLV DEB,2001-049JN,27290,DEB,D,IND,10/22/2001,SRILR,3/19/2002,90.42,97.74,306,284,0.0089,,EA,IMP
PSLV DEB,2001-049JP,27291,DEB,D,IND,10/22/2001,SRILR,5/13/2013,88.79,97.76,219,210,0.0065,,EA,IMP
PSLV DEB,2001-049JQ,27292,DEB,D,IND,10/22/2001,SRILR,3/5/2002,91.91,97.82,385,351,0.0303,,EA,IMP
PSLV DEB,2001-049JR,27293,DEB,D,IND,10/22/2001,SRILR,2/23/2002,92.08,97.76,395,358,0.0032,,EA,IMP
PSLV DEB,2001-049JS,27294,DEB,D,IND,10/22/2001,SRILR,4/30/2002,91.23,97.75,351,319,0.0126,,EA,IMP
PSLV DEB,2001-049JT,27295,DEB,D,IND,10/22/2001,SRILR,5/23/2002,87.95,97.76,184,162,0.0071,,EA,IMP
PSLV DEB,2001-049JU,27296,DEB,D,IND,10/22/2001,SRILR,4/9/2002,89.68,97.74,274,244,0.0076,,EA,IMP
PSLV DEB,2001-049JV,27297,DEB,D,IND,10/22/2001,SRILR,1/10/2007,88.35,97.62,200,185,0.0159,,EA,IMP
INSAT-3C,2002-002A,27298,PAY,-,IND,1/23/2002,FRGUI,,1450.07,8.01,36120,35999,8.9433,,EA,ORB
PSLV DEB,2001-049JW,27300,DEB,D,IND,10/22/2001,SRILR,2/19/2002,88.69,97.84,224,196,0.0036,,EA,IMP
PSLV DEB,2001-049JX,27301,DEB,D,IND,10/22/2001,SRILR,2/6/2002,89.21,98.94,253,218,0.0081,,EA,IMP
PSLV DEB,2001-049JY,27302,DEB,D,IND,10/22/2001,SRILR,3/26/2002,91.82,97.84,370,358,0.0084,,EA,IMP
PSLV DEB,2001-049JZ,27303,DEB,D,IND,10/22/2001,SRILR,4/11/2002,91.07,97.74,342,312,0.0232,,EA,IMP
PSLV DEB,2001-049KA,27304,DEB,D,IND,10/22/2001,SRILR,3/25/2002,92.18,97.79,385,378,0.0199,,EA,IMP
PSLV DEB,2001-049KB,27305,DEB,,IND,10/22/2001,SRILR,,97.34,98.24,658,605,0.0076,,EA,ORB
PSLV DEB,2001-049KC,27306,DEB,D,IND,10/22/2001,SRILR,12/21/2003,88.63,97.69,216,197,0.0356,,EA,IMP
PSLV DEB,2001-049KD,27307,DEB,D,IND,10/22/2001,SRILR,3/27/2002,91.99,97.75,378,367,0.0184,,EA,IMP
PSLV DEB,2001-049KE,27308,DEB,D,IND,10/22/2001,SRILR,3/21/2002,90.22,97.75,294,276,0.0077,,EA,IMP
PSLV DEB,2001-049KF,27309,DEB,D,IND,10/22/2001,SRILR,11/17/2002,90.05,97.73,295,259,0.0375,,EA,IMP
PSLV DEB,2001-049KG,27310,DEB,D,IND,10/22/2001,SRILR,6/19/2002,88.5,97.69,212,189,0.0062,,EA,IMP
PSLV DEB,2001-049KH,27311,DEB,D,IND,10/22/2001,SRILR,3/18/2002,88.81,97.68,225,207,0.0156,,EA,IMP
PSLV DEB,2001-049KJ,27312,DEB,D,IND,10/22/2001,SRILR,1/23/2002,90.05,98.71,306,248,0.1688,,EA,IMP
PSLV DEB,2001-049KK,27313,DEB,D,IND,10/22/2001,SRILR,1/23/2002,90.8,98.78,346,282,0.0041,,EA,IMP
PSLV DEB,2001-049KL,27314,DEB,D,IND,10/22/2001,SRILR,1/30/2002,89.63,98.77,278,235,0.313,,EA,IMP
PSLV DEB,2001-049KM,27315,DEB,D,IND,10/22/2001,SRILR,8/18/2004,89.04,97.67,238,215,0.0194,,EA,IMP
PSLV DEB,2001-049KN,27316,DEB,D,IND,10/22/2001,SRILR,11/30/2002,90.84,97.85,328,303,0.0031,,EA,IMP
PSLV DEB,2001-049KP,27317,DEB,D,IND,10/22/2001,SRILR,4/20/2015,88.6,97.68,214,197,0.012,,EA,IMP
PSLV DEB,2001-049KQ,27318,DEB,D,IND,10/22/2001,SRILR,3/5/2002,91.44,97.73,357,333,0.0126,,EA,IMP
PSLV DEB,2001-049KR,27319,DEB,D,IND,10/22/2001,SRILR,3/22/2002,92.02,97.77,379,368,0.0181,,EA,IMP
PSLV DEB,2001-049KS,27320,DEB,D,IND,10/22/2001,SRILR,3/24/2002,91.6,97.77,358,348,0.0069,,EA,IMP
PSLV DEB,2001-049KT,27321,DEB,D,IND,10/22/2001,SRILR,2/24/2002,92.48,97.76,422,370,0.0103,,EA,IMP
PSLV DEB,2001-049KU,27322,DEB,D,IND,10/22/2001,SRILR,10/6/2006,88.57,97.63,213,194,0.015,,EA,IMP
PSLV DEB,2001-049KV,27323,DEB,D,IND,10/22/2001,SRILR,6/22/2002,88.94,97.79,234,211,0.0131,,EA,IMP
PSLV DEB,2001-049KW,27324,DEB,D,IND,10/22/2001,SRILR,4/26/2002,91.27,97.8,358,316,0.0117,,EA,IMP
PSLV DEB,2001-049KX,27325,DEB,D,IND,10/22/2001,SRILR,2/4/2002,91.66,97.63,409,303,0.0058,,EA,IMP
PSLV DEB,2001-049KY,27326,DEB,D,IND,10/22/2001,SRILR,2/15/2002,90.58,97.64,316,290,0.0143,,EA,IMP
PSLV DEB,2001-049KZ,27327,DEB,D,IND,10/22/2001,SRILR,3/6/2002,93.75,97.77,480,436,0.0116,,EA,IMP
PSLV DEB,2001-049LA,27329,DEB,D,IND,10/22/2001,SRILR,10/2/2002,90.89,97.73,326,310,0.0048,,EA,IMP
PSLV DEB,2001-049LB,27330,DEB,D,IND,10/22/2001,SRILR,6/20/2005,88.57,97.66,214,194,0.0093,,EA,IMP
PSLV DEB,2001-049LC,27331,DEB,D,IND,10/22/2001,SRILR,12/11/2002,88.94,97.67,231,212,0.0593,,EA,IMP
PSLV DEB,2001-049LD,27332,DEB,D,IND,10/22/2001,SRILR,4/7/2002,92.71,97.79,435,380,0.0103,,EA,IMP
PSLV DEB,2001-049LE,27333,DEB,D,IND,10/22/2001,SRILR,4/30/2002,92.84,97.9,466,361,0.0173,,EA,IMP
PSLV DEB,2001-049LF,27334,DEB,D,IND,10/22/2001,SRILR,11/10/2011,90.91,98.04,326,312,0.0131,,EA,IMP
PSLV DEB,2001-049LG,27335,DEB,D,IND,10/22/2001,SRILR,2/4/2002,90.31,97.69,310,269,0.0152,,EA,IMP
PSLV DEB,2001-049LH,27336,DEB,D,IND,10/22/2001,SRILR,3/3/2002,91.51,98.69,389,308,0.0015,,EA,IMP
PSLV DEB,2001-049LJ,27337,DEB,D,IND,10/22/2001,SRILR,10/1/2002,90.32,97.76,299,282,0.0149,,EA,IMP
PSLV DEB,2001-049LK,27338,DEB,D,IND,10/22/2001,SRILR,11/10/2003,91.33,97.61,356,324,0.0064,,EA,IMP
PSLV DEB,2001-049LL,27339,DEB,D,IND,10/22/2001,SRILR,1/30/2002,93.21,97.64,474,389,0.05,,EA,IMP
PSLV DEB,2001-049LM,27340,DEB,D,IND,10/22/2001,SRILR,2/9/2002,91.8,97.76,389,337,0.0313,,EA,IMP
PSLV DEB,2001-049LN,27341,DEB,D,IND,10/22/2001,SRILR,2/19/2002,90.13,97.71,300,262,0.0041,,EA,IMP
PSLV DEB,2001-049LP,27342,DEB,D,IND,10/22/2001,SRILR,5/21/2002,89.71,97.76,280,240,0.0187,,EA,IMP
PSLV DEB,2001-049LQ,27343,DEB,D,IND,10/22/2001,SRILR,2/24/2002,92.83,97.76,438,388,0.3125,,EA,IMP
PSLV DEB,2001-049LR,27344,DEB,D,IND,10/22/2001,SRILR,2/10/2002,92.25,97.75,413,357,0.0093,,EA,IMP
PSLV DEB,2001-049LS,27345,DEB,D,IND,10/22/2001,SRILR,3/9/2002,92.26,97.63,397,374,0.0056,,EA,IMP
PSLV DEB,2001-049LT,27346,DEB,D,IND,10/22/2001,SRILR,4/30/2002,91.26,97.78,354,319,0.0128,,EA,IMP
PSLV DEB,2001-049LU,27347,DEB,D,IND,10/22/2001,SRILR,11/26/2013,93.87,97.29,478,450,0.0003,,EA,IMP
PSLV DEB,2001-049LV,27348,DEB,D,IND,10/22/2001,SRILR,3/17/2002,90.83,97.83,333,298,0.0046,,EA,IMP
PSLV DEB,2001-049LW,27349,DEB,D,IND,10/22/2001,SRILR,3/9/2002,91.94,98.73,413,326,0.0127,,EA,IMP
PSLV DEB,2001-049LX,27350,DEB,D,IND,10/22/2001,SRILR,2/8/2002,91.86,97.76,385,347,0.0099,,EA,IMP
PSLV DEB,2001-049LY,27351,DEB,D,IND,10/22/2001,SRILR,4/19/2002,91.63,97.78,371,338,0.0051,,EA,IMP
PSLV DEB,2001-049LZ,27352,DEB,D,IND,10/22/2001,SRILR,10/29/2002,92.6,97.96,417,387,0.005,,EA,IMP
PSLV DEB,2001-049MA,27353,DEB,D,IND,10/22/2001,SRILR,9/3/2023,89.73,97.56,269,253,0.0135,,EA,IMP
PSLV DEB,2001-049MB,27354,DEB,D,IND,10/22/2001,SRILR,8/13/2002,90.18,97.79,296,270,0.004,,EA,IMP
PSLV DEB,2001-049MC,27355,DEB,D,IND,10/22/2001,SRILR,4/1/2002,90.38,98.72,316,271,0.0139,,EA,IMP
PSLV DEB,2001-049MD,27356,DEB,D,IND,10/22/2001,SRILR,1/30/2002,90.09,98.75,322,236,0.08,,EA,IMP
PSLV DEB,2001-049ME,27357,DEB,D,IND,10/22/2001,SRILR,2/6/2002,91.74,97.71,382,338,0.0101,,EA,IMP
PSLV DEB,2001-049MF,27358,DEB,D,IND,10/22/2001,SRILR,5/1/2002,89.51,97.77,267,234,0.0226,,EA,IMP
PSLV DEB,2001-049MG,27359,DEB,D,IND,10/22/2001,SRILR,2/13/2002,92.67,97.83,426,385,0.0106,,EA,IMP
PSLV DEB,2001-049MH,27360,DEB,D,IND,10/22/2001,SRILR,6/22/2002,89.17,97.75,245,222,0.0032,,EA,IMP
PSLV DEB,2001-049MJ,27361,DEB,D,IND,10/22/2001,SRILR,4/21/2002,91.31,97.78,354,323,0.0219,,EA,IMP
PSLV DEB,2001-049MK,27362,DEB,D,IND,10/22/2001,SRILR,4/20/2002,92.3,97.81,401,373,0.0144,,EA,IMP
PSLV DEB,2001-049ML,27363,DEB,D,IND,10/22/2001,SRILR,1/14/2004,89.04,97.76,241,213,0.0105,,EA,IMP
PSLV DEB,2001-049MM,27364,DEB,D,IND,10/22/2001,SRILR,2/17/2002,92.17,97.76,395,367,0.0071,,EA,IMP
PSLV DEB,2001-049MN,27365,DEB,D,IND,10/22/2001,SRILR,3/25/2002,92.19,97.77,386,379,0.0234,,EA,IMP
PSLV DEB,2001-049MP,27366,DEB,D,IND,10/22/2001,SRILR,2/20/2002,90.6,97.8,321,287,0.0019,,EA,IMP
PSLV DEB,2001-049MQ,27496,DEB,D,IND,10/22/2001,SRILR,12/7/2002,90.99,97.74,341,306,0.0036,,EA,IMP
PSLV DEB,2001-049MR,27498,DEB,D,IND,10/22/2001,SRILR,3/30/2010,88.46,97.81,203,194,0.0037,,EA,IMP
PSLV DEB,2001-049MS,27502,DEB,D,IND,10/22/2001,SRILR,11/10/2005,88.64,97.65,209,205,0.0012,,EA,IMP
PSLV DEB,2001-049MT,27503,DEB,D,IND,10/22/2001,SRILR,11/25/2006,88.35,97.78,200,186,0.0091,,EA,IMP
PSLV DEB,2001-049MU,27512,DEB,D,IND,10/22/2001,SRILR,1/25/2004,91.48,97.72,357,337,0.0022,,EA,IMP
KALPANA-1 (METSAT 1),2002-043A,27525,PAY,-,IND,9/12/2002,SRILR,,1464.32,12.76,36367,36307,0.003,,EA,ORB
PSLV R/B,2002-043B,27526,R/B,D,IND,9/12/2002,SRILR,5/9/2012,88.2,17.66,260,111,9.9863,,EA,IMP
PSLV DEB,2001-049MV,27530,DEB,D,IND,10/22/2001,SRILR,11/29/2022,89.4,97.6,246,243,0.0127,,EA,IMP
PSLV DEB,2001-049MW,27538,DEB,D,IND,10/22/2001,SRILR,6/27/2025,88.68,97.61,216,202,0.0199,,EA,IMP
PSLV DEB,2001-049MX,27579,DEB,D,IND,10/22/2001,SRILR,4/1/2013,88.14,97.67,190,175,0.0093,,EA,IMP
PSLV DEB,2001-049MY,27580,DEB,,IND,10/22/2001,SRILR,,97.44,98.28,667,606,0.0055,,EA,ORB
PSLV DEB,2001-049MZ,27581,DEB,D,IND,10/22/2001,SRILR,8/24/2014,90.01,97.83,276,273,0.0096,,EA,IMP
PSLV DEB,2001-049NA,27582,DEB,,IND,10/22/2001,SRILR,,95.56,98.33,564,528,0.0132,,EA,ORB
PSLV DEB,2001-049NB,27583,DEB,D,IND,10/22/2001,SRILR,2/28/2023,88.73,97.46,216,207,0.0154,,EA,IMP
PSLV DEB,2001-049NC,27584,DEB,D,IND,10/22/2001,SRILR,3/22/2004,90.74,97.68,317,304,0.0022,,EA,IMP
PSLV DEB,2001-049ND,27585,DEB,,IND,10/22/2001,SRILR,,96.91,98.31,647,574,0.0014,,EA,ORB
PSLV DEB,2001-049NE,27586,DEB,D,IND,10/22/2001,SRILR,3/6/2024,88.97,97.38,225,222,0.0163,,EA,IMP
PSLV DEB,2001-049NF,27587,DEB,D,IND,10/22/2001,SRILR,8/5/2003,89.87,97.73,280,256,0.0077,,EA,IMP
PSLV DEB,2001-049NG,27588,DEB,D,IND,10/22/2001,SRILR,5/28/2003,88.18,97.66,193,175,0.0119,,EA,IMP
PSLV DEB,2001-049NH,27590,DEB,D,IND,10/22/2001,SRILR,4/1/2015,88.41,97.91,201,190,0.0053,,EA,IMP
PSLV DEB,2001-049NJ,27591,DEB,D,IND,10/22/2001,SRILR,7/25/2005,88.44,97.94,203,192,0.0125,,EA,IMP
PSLV DEB,2001-049NK,27592,DEB,D,IND,10/22/2001,SRILR,1/21/2003,89.79,97.68,268,260,0.0037,,EA,IMP
PSLV DEB,2001-049NL,27623,DEB,D,IND,10/22/2001,SRILR,1/7/2003,88.08,98.23,186,173,0.0024,,EA,IMP
PSLV DEB,2001-049NQ,27653,DEB,,IND,10/22/2001,SRILR,,96.71,98.11,638,565,0.0014,,EA,ORB
PSLV DEB,2001-049NR,27654,DEB,D,IND,10/22/2001,SRILR,2/7/2015,89.18,97.19,239,229,0.0101,,EA,IMP
PSLV DEB,2001-049NS,27655,DEB,,IND,10/22/2001,SRILR,,97.99,97.29,744,582,0.012,,EA,ORB
PSLV DEB,2001-049NT,27656,DEB,D,IND,10/22/2001,SRILR,1/17/2005,89.35,97.79,248,237,0.0072,,EA,IMP
PSLV DEB,2001-049NU,27657,DEB,D,IND,10/22/2001,SRILR,12/19/2023,90.9,97.74,322,316,0.0156,,EA,IMP
INSAT-3A,2003-013A,27714,PAY,-,IND,4/9/2003,FRGUI,,1442.91,8.4,35950,35890,22.1585,,EA,ORB
PSLV DEB,2001-049NV,27767,DEB,D,IND,10/22/2001,SRILR,5/21/2003,92.49,97.74,422,372,0.0001,,EA,IMP
GSAT-2,2003-018A,27807,PAY,-,IND,5/8/2003,SRILR,,1442.17,10.82,35945,35866,0.003,,EA,ORB
GSLV R/B,2003-018B,27808,R/B,D,IND,5/8/2003,SRILR,2/24/2005,101.85,18.69,1582,110,3.1622,,EA,IMP
INSAT-3E,2003-043E,27951,PAY,-,IND,9/27/2003,FRGUI,,1428.51,9.3,35708,35568,10,,EA,ORB
PSLV R/B,2003-046B,28050,R/B,,IND,10/17/2003,SRILR,,101.58,99.04,871,796,6.1641,,EA,ORB
IRS-P6 (RESOURCESAT-1),2003-046A,28051,PAY,+,IND,10/17/2003,SRILR,,100.27,98.22,818,725,5.7845,,EA,ORB
PSLV DEB,2001-049NM,28383,DEB,D,IND,10/22/2001,SRILR,11/1/2005,91.37,97.7,356,328,0.001,,EA,IMP
GSAT-3 (EDUSAT),2004-036A,28417,PAY,-,IND,9/20/2004,SRILR,,1450.63,11.01,36092,36049,4.6034,,EA,ORB
GSLV R/B,2004-036B,28418,R/B,D,IND,9/20/2004,SRILR,11/24/2007,94.04,19.28,833,111,11.8318,,EA,IMP
PSLV DEB,2001-049NN,28428,DEB,D,IND,10/22/2001,SRILR,1/23/2013,94.93,98.05,551,480,0.0033,,EA,IMP
PSLV DEB,2001-049NP,28429,DEB,D,IND,10/22/2001,SRILR,12/22/2022,90.54,97.29,303,298,0.0157,,EA,IMP
PSLV DEB,2001-049NW,28430,DEB,D,IND,10/22/2001,SRILR,8/29/2024,91.88,97.69,375,358,0.0133,,EA,IMP
PSLV DEB,2001-049NX,28431,DEB,D,IND,10/22/2001,SRILR,9/15/2017,90.21,97.69,288,281,0.0139,,EA,IMP
PSLV DEB,2001-049NY,28432,DEB,D,IND,10/22/2001,SRILR,11/19/2025,92.36,97.69,392,388,0.0097,,EA,IMP
PSLV DEB,2001-049NZ,28433,DEB,D,IND,10/22/2001,SRILR,1/6/2011,89.46,97.66,267,228,0.0255,,EA,IMP
PSLV DEB,2001-049PA,28434,DEB,D,IND,10/22/2001,SRILR,4/13/2011,90.66,97.77,316,298,0.0039,,EA,IMP
PSLV DEB,2001-049PB,28435,DEB,D,IND,10/22/2001,SRILR,5/5/2013,93.85,97.53,470,456,0.0034,,EA,IMP
IRS-P5 (CARTOSAT-1),2005-017A,28649,PAY,+,IND,5/5/2005,SRILR,,96.62,97.55,597,596,4.6921,,EA,ORB
HAMSAT (VO-52),2005-017B,28650,PAY,-,IND,5/5/2005,SRILR,,95.51,98,556,530,0.357,,EA,ORB
PSLV R/B,2005-017C,28651,R/B,,IND,5/5/2005,SRILR,,97.38,97.88,680,586,6.1554,,EA,ORB
PSLV DEB,2005-017D,28652,DEB,D,IND,5/5/2005,SRILR,8/18/2005,96.07,97.64,614,526,0.013,,EA,IMP
PSLV DEB,2005-017E,28653,DEB,D,IND,5/5/2005,SRILR,11/23/2006,89.73,97.89,281,241,0.0376,,EA,IMP
PSLV DEB,2001-049PC,28850,DEB,D,IND,10/22/2001,SRILR,5/16/2022,91.13,97.47,335,325,0.0104,,EA,IMP
PSLV DEB,2001-049PD,28851,DEB,D,IND,10/22/2001,SRILR,11/30/2024,92.23,97.8,390,378,0.0112,,EA,IMP
PSLV DEB,2001-049PE,28852,DEB,,IND,10/22/2001,SRILR,,97.48,98.27,667,609,0.0058,,EA,ORB
PSLV DEB,2001-049PF,28853,DEB,,IND,10/22/2001,SRILR,,95.87,98.03,581,540,0.0066,,EA,ORB
PSLV DEB,2001-049PG,28854,DEB,D,IND,10/22/2001,SRILR,11/3/2005,90.1,97.66,306,253,0.0016,,EA,IMP
PSLV DEB,2001-049PH,28855,DEB,D,IND,10/22/2001,SRILR,1/3/2025,90.96,97.8,323,320,0.0128,,EA,IMP
PSLV DEB,2001-049PJ,28856,DEB,,IND,10/22/2001,SRILR,,98.07,97.74,697,636,0.0039,,EA,ORB
PSLV DEB,2001-049PK,28857,DEB,D,IND,10/22/2001,SRILR,11/18/2014,89.42,97.23,319,172,0.0119,,EA,IMP
PSLV DEB,2001-049PL,28858,DEB,D,IND,10/22/2001,SRILR,3/8/2017,90.07,97.62,283,273,0.0092,,EA,IMP
PSLV DEB,2001-049PM,28859,DEB,D,IND,10/22/2001,SRILR,6/29/2023,89.45,97.54,256,238,0.0146,,EA,IMP
INSAT-4A,2005-049A,28911,PAY,-,IND,12/21/2005,FRGUI,,1451.63,5.98,36117,36064,12.5892,,EA,ORB
PSLV DEB,2001-049PN,29104,DEB,D,IND,10/22/2001,SRILR,12/28/2022,92.64,97.41,409,399,0.0071,,EA,IMP
CARTOSAT-2 (IRS-P7),2007-001B,29710,PAY,D,IND,1/10/2007,SRILR,2/14/2024,87.32,97.86,147,137,2.2852,,EA,IMP
SRE-1,2007-001C,29711,PAY,D,IND,1/10/2007,SRILR,1/22/2007,95.95,97.94,643,486,0.565,,EA,IMP
PSLV R/B,2007-001E,29713,R/B,,IND,1/10/2007,SRILR,,96.17,98.04,589,562,10.0335,,EA,ORB
INSAT-4B,2007-007A,30793,PAY,-,IND,3/11/2007,FRGUI,,1453.45,5.63,36204,36047,22.5893,,EA,ORB
PSLV R/B [AAM],2007-013B,31136,R/B,D,IND,4/23/2007,SRILR,7/19/2022,87.65,2.54,170,146,9.5282,,EA,IMP
PSLV DEB,1996-017D,31403,DEB,D,IND,3/21/1996,SRILR,1/17/2022,90.14,98.31,296,266,0.0136,,EA,IMP
INSAT-4CR,2007-037A,32050,PAY,-,IND,9/2/2007,SRILR,,1451.36,6.41,36102,36068,7.9621,,EA,ORB
GSLV R/B,2007-037B,32051,R/B,D,IND,9/2/2007,SRILR,2/8/2011,94.25,15.9,852,112,9.98,,EA,IMP
PSLV R/B,2008-002B,32477,R/B,D,IND,1/21/2008,SRILR,1/23/2020,87.92,41.01,176,167,7.915,,EA,IMP
CARTOSAT-2A,2008-021A,32783,PAY,+,IND,4/28/2008,SRILR,,97.37,97.79,641,625,2.316,,EA,ORB
IMS-1,2008-021D,32786,PAY,-,IND,4/28/2008,SRILR,,95.84,97.93,563,556,0.618,,EA,ORB
PSLV DEB,2008-021L,32797,DEB,D,IND,4/28/2008,SRILR,10/21/2012,92.37,97.29,482,300,0.0018,,EA,IMP
CHANDRAYAAN-1,2008-052A,33405,PAY,-,IND,10/22/2008,SRILR,,,,,,4.1449,NEA,MO,ORB
PSLV R/B,2008-052B,33406,R/B,,IND,10/22/2008,SRILR,,337.05,17.66,19058,272,10.2305,,EA,ORB
PSLV DEB,2008-052C,33407,DEB,,IND,10/22/2008,SRILR,,380.37,13.5,21452,571,0.01,,EA,ORB
PSLV DEB,2001-049PP,34219,DEB,D,IND,10/22/2001,SRILR,11/10/2014,92.27,97.65,397,375,0.0048,,EA,IMP
PSLV DEB,2001-049PQ,34220,DEB,D,IND,10/22/2001,SRILR,4/21/2023,90.88,98.07,328,307,0.0051,,EA,IMP
PSLV DEB,2001-049PR,34221,DEB,,IND,10/22/2001,SRILR,,95.24,98.49,559,501,0.0161,,EA,ORB
PSLV DEB,2001-049PS,34222,DEB,D,IND,10/22/2001,SRILR,12/12/2014,89.37,97.6,247,240,0.0005,,EA,IMP
RISAT 2,2009-019A,34807,PAY,D,IND,4/20/2009,SRILR,10/30/2022,87.65,41.19,166,150,1.635,,EA,IMP
ANUSAT,2009-019B,34808,PAY,D,IND,4/20/2009,SRILR,4/18/2012,88.08,41.18,182,176,0.46,,EA,IMP
PSLV R/B,2009-019C,34809,R/B,D,IND,4/20/2009,SRILR,5/27/2015,87.81,41.06,172,160,6.9314,,EA,IMP
PSLV DEB,2001-049PT,35335,DEB,,IND,10/22/2001,SRILR,,98.07,97.77,701,632,0.003,,EA,ORB
PSLV DEB,2001-049PU,35336,DEB,D,IND,10/22/2001,SRILR,10/27/2023,92.24,97.75,392,377,0.0033,,EA,IMP
PSLV DEB,2001-049PV,35337,DEB,D,IND,10/22/2001,SRILR,5/15/2013,92.26,97.32,391,379,0.0134,,EA,IMP
PSLV DEB,2001-049PW,35338,DEB,,IND,10/22/2001,SRILR,,100.43,97.91,918,639,0.0081,,EA,ORB
PSLV DEB,2001-049PX,35339,DEB,,IND,10/22/2001,SRILR,,98.99,98.37,811,609,0.0074,,EA,ORB
PSLV DEB,2001-049PY,35340,DEB,D,IND,10/22/2001,SRILR,2/16/2013,95.18,98.5,534,521,0.0046,,EA,IMP
PSLV DEB,2001-049PZ,35341,DEB,D,IND,10/22/2001,SRILR,11/30/2024,92.92,97.77,425,411,0.014,,EA,IMP
PSLV DEB,2001-049QA,35342,DEB,,IND,10/22/2001,SRILR,,103.08,98.3,1153,656,0.0101,,EA,ORB
PSLV DEB,2001-049QB,35343,DEB,D,IND,10/22/2001,SRILR,6/12/2013,93.11,98.61,431,423,0.0063,,EA,IMP
PSLV DEB,2001-049QC,35344,DEB,,IND,10/22/2001,SRILR,,97.81,97.84,688,620,0.0055,,EA,ORB
PSLV DEB,2001-049QD,35345,DEB,D,IND,10/22/2001,SRILR,11/20/2023,97.93,98.22,699,621,0.0044,,EA,IMP
PSLV DEB,2001-049QE,35346,DEB,,IND,10/22/2001,SRILR,,96.43,98.86,601,575,0.0132,,EA,ORB
PSLV DEB,2001-049QF,35347,DEB,D,IND,10/22/2001,SRILR,4/30/2020,88.99,98.33,233,216,0.0012,,EA,IMP
PSLV DEB,2001-049QG,35348,DEB,D,IND,10/22/2001,SRILR,5/13/2025,91.67,98.1,358,355,0.0134,,EA,IMP
PSLV DEB,2001-049QH,35349,DEB,D,IND,10/22/2001,SRILR,12/21/2022,92.77,97.44,418,403,0.0055,,EA,IMP
PSLV DEB,2001-049QJ,35350,DEB,,IND,10/22/2001,SRILR,,98.95,98.54,754,662,0.0078,,EA,ORB
PSLV DEB,2001-049QK,35351,DEB,,IND,10/22/2001,SRILR,,98.35,98.82,683,677,0.0123,,EA,ORB
PSLV DEB,2001-049QL,35536,DEB,,IND,10/22/2001,SRILR,,104.48,98.67,1271,669,0.0131,,EA,ORB
PSLV DEB,2001-049QM,35537,DEB,,IND,10/22/2001,SRILR,,100.16,98.2,831,701,0.0002,,EA,ORB
OCEANSAT-2,2009-051A,35931,PAY,+,IND,9/23/2009,SRILR,,102.88,98.22,907,883,4.0639,,EA,ORB
PSLV DEB,2001-049QN,36293,DEB,D,IND,10/22/2001,SRILR,7/19/2022,98.19,97.84,754,591,0.013,,EA,IMP
CARTOSAT-2B,2010-035A,36795,PAY,+,IND,7/12/2010,SRILR,,97.38,97.79,642,624,2.249,,EA,ORB
STUDSAT,2010-035B,36796,PAY,-,IND,7/12/2010,SRILR,,95.81,98.11,565,550,0.127,,EA,ORB
PSLV R/B,2010-035F,36800,R/B,,IND,7/12/2010,SRILR,,95.33,97.98,545,525,8.685,,EA,ORB
PSLV DEB,2010-035G,36801,DEB,D,IND,7/12/2010,SRILR,11/17/2019,87.1,98.03,137,125,2.436,,EA,IMP
RESOURCESAT-2,2011-015A,37387,PAY,+,IND,4/20/2011,SRILR,,101.29,98.79,824,816,5.5918,,EA,ORB
YOUTHSAT,2011-015B,37388,PAY,+,IND,4/20/2011,SRILR,,101.02,98.35,818,796,0.688,,EA,ORB
PSLV R/B,2011-015D,37390,R/B,,IND,4/20/2011,SRILR,,100.82,98.49,811,784,5.5519,,EA,ORB
GSAT-8,2011-022A,37605,PAY,+,IND,5/20/2011,FRGUI,,1436.09,1.66,35823,35750,6.3096,,EA,ORB
GSAT-12,2011-034A,37746,PAY,-,IND,7/15/2011,SRILR,,1456.56,4.83,36219,36154,1.9953,,EA,ORB
PSLV R/B,2011-034B,37747,R/B,,IND,7/15/2011,SRILR,,334.14,18.02,18871,274,9.7922,,EA,ORB
MEGHA-TROPIQUES,2011-058A,37838,PAY,D,IND,10/12/2011,SRILR,3/7/2023,90.86,19.96,381,253,4.8139,,EA,IMP
JUGNU,2011-058B,37839,PAY,+,IND,10/12/2011,SRILR,,101.86,19.96,860,833,0.1464,,EA,ORB
SRMSAT,2011-058D,37841,PAY,+,IND,10/12/2011,SRILR,,102.02,19.97,863,846,0.2037,,EA,ORB
PSLV R/B,2011-058E,37842,R/B,,IND,10/12/2011,SRILR,,101.28,19.79,862,777,6.616,,EA,ORB
RISAT-1,2012-017A,38248,PAY,-,IND,4/26/2012,SRILR,,92.84,97.47,416,411,2.6249,,EA,ORB
PSLV R/B,2012-017B,38249,R/B,D,IND,4/26/2012,SRILR,4/3/2018,87.37,97.31,152,136,5.7525,,EA,IMP
PSLV DEB,2001-049QP,38328,DEB,D,IND,10/22/2001,SRILR,4/24/2016,88.39,97.55,201,189,0.0309,,EA,IMP
PSLV R/B,2012-047C,38757,R/B,,IND,9/9/2012,SRILR,,97.1,98.31,623,617,5.6068,,EA,ORB
GSAT-10,2012-051B,38779,PAY,+,IND,9/28/2012,FRGUI,,1436.09,0.08,35797,35776,13.8482,,EA,ORB
PSLV DEB,2005-017F,38842,DEB,,IND,5/5/2005,SRILR,,94.59,98.12,516,482,0.0078,,EA,ORB
SARAL,2013-009A,39086,PAY,+,IND,2/25/2013,SRILR,,100.51,98.55,785,780,1.6825,,EA,ORB
PSLV R/B,2013-009H,39093,R/B,,IND,2/25/2013,SRILR,,99.41,98.06,761,700,9.0906,,EA,ORB
PSLV DEB,2013-009J,39094,DEB,,IND,2/25/2013,SRILR,,99.73,98.32,752,739,2.1,,EA,ORB
IRNSS-1A,2013-034A,39199,PAY,P,IND,7/1/2013,SRILR,,1436.09,35.31,35888,35685,3.4785,,EA,ORB
PSLV R/B,2013-034B,39200,R/B,,IND,7/1/2013,SRILR,,324.27,17.76,18207,307,10.7647,,EA,ORB
INSAT-3D,2013-038B,39216,PAY,+,IND,7/25/2013,FRGUI,,1436.15,1.46,35793,35783,22.1585,,EA,ORB
GSAT-7,2013-044B,39234,PAY,+,IND,8/29/2013,FRGUI,,1436.09,0.08,35819,35754,14.285,,EA,ORB
MARS ORBITER MISSION,2013-060A,39370,PAY,-,IND,11/5/2013,SRILR,,5574.2,19.4,194676,846,6.5446,,MA,ORB
PSLV R/B,2013-060B,39371,R/B,,IND,11/5/2013,SRILR,,370.55,19.26,21195,227,9.7794,,EA,ORB
GSAT-14,2014-001A,39498,PAY,+,IND,1/5/2014,SRILR,,1436.1,0.04,35811,35762,4.829,,EA,ORB
GSLV R/B,2014-001B,39499,R/B,D,IND,1/5/2014,SRILR,6/8/2014,103.66,19.11,1774,90,5.2583,,EA,IMP
PSLV DEB,2001-049QQ,39597,DEB,D,IND,10/22/2001,SRILR,5/19/2016,92.39,97.58,411,373,0.0136,,EA,IMP
IRNSS-1B,2014-017A,39635,PAY,+,IND,4/4/2014,SRILR,,1436.12,29.26,35867,35707,6.3096,,EA,ORB
PSLV R/B,2014-017B,39636,R/B,,IND,4/4/2014,SRILR,,324.14,19.06,18214,292,8.7014,,EA,ORB
PSLV R/B,2014-034F,40058,R/B,,IND,6/30/2014,SRILR,,97.04,98.31,631,603,5.7704,,EA,ORB
IRNSS-1C,2014-061A,40269,PAY,P,IND,10/15/2014,SRILR,,1436.06,6.06,35862,35710,0.003,,EA,ORB
PSLV R/B,2014-061B,40270,R/B,,IND,10/15/2014,SRILR,,325.16,17.77,18290,281,8.5816,,EA,ORB
GSAT-16,2014-078A,40332,PAY,+,IND,12/6/2014,FRGUI,,1436.13,0.02,35800,35775,63.2456,,EA,ORB
IRNSS-1D,2015-018A,40547,PAY,-,IND,3/28/2015,SRILR,,1470.01,19.94,36488,36407,0.1,,EA,ORB
PSLV R/B,2015-018B,40548,R/B,,IND,3/28/2015,SRILR,,326.52,19.15,18416,242,6.8654,,EA,ORB
PSLV R/B,2015-032F,40720,R/B,,IND,7/10/2015,SRILR,,96.9,98.17,613,607,5.7868,,EA,ORB
GSAT-6,2015-041A,40880,PAY,+,IND,8/27/2015,SRILR,,1436.07,1.45,35798,35774,2,,EA,ORB
GSLV R/B,2015-041B,40881,R/B,D,IND,8/27/2015,SRILR,3/2/2018,89.25,20.02,361,114,3.686,,EA,IMP
ASTROSAT,2015-052A,40930,PAY,+,IND,9/28/2015,SRILR,,97.16,6,629,617,4.8771,,EA,ORB
PSLV R/B,2015-052H,40937,R/B,,IND,9/28/2015,SRILR,,97.09,5.96,640,599,6.0119,,EA,ORB
GSAT-15,2015-065A,41028,PAY,+,IND,11/10/2015,FRGUI,,1436.1,0.03,35797,35776,44.212,,EA,ORB
PSLV R/B,2015-077G,41172,R/B,D,IND,12/16/2015,SRILR,1/16/2023,88.79,14.68,218,211,8.8215,,EA,IMP
IRNSS-1E,2016-003A,41241,PAY,P,IND,1/20/2016,SRILR,,1436.1,32.84,35878,35695,9.9385,,EA,ORB
PSLV R/B,2016-003B,41242,R/B,,IND,1/20/2016,SRILR,,357.32,18.96,20318,286,7.5898,,EA,ORB
IRNSS-1F,2016-015A,41384,PAY,+,IND,3/10/2016,SRILR,,1436.04,4.9,35881,35690,0.003,,EA,ORB
PSLV R/B,2016-015B,41385,R/B,,IND,3/10/2016,SRILR,,312.64,17.71,17464,297,2.9901,,EA,ORB
IRNSS-1G,2016-027A,41469,PAY,P,IND,4/28/2016,SRILR,,1436.02,4.75,35796,35774,8.5592,,EA,ORB
PSLV R/B,2016-027B,41470,R/B,,IND,4/28/2016,SRILR,,342.69,17.81,19378,309,2.0861,,EA,ORB
CARTOSAT-2C,2016-040A,41599,PAY,+,IND,6/22/2016,SRILR,,94.79,97.48,516,501,1.9953,,EA,ORB
SATHYABAMASAT,2016-040B,41600,PAY,D,IND,6/22/2016,SRILR,7/9/2023,87.39,97.12,155,136,0.062,,EA,IMP
SWAYAM,2016-040J,41607,PAY,D,IND,6/22/2016,SRILR,8/17/2023,87.64,97.11,166,149,0.0301,,EA,IMP
PSLV R/B,2016-040X,41620,R/B,D,IND,6/22/2016,SRILR,5/19/2023,87.4,97.5,154,137,6.7064,,EA,IMP
PSLV DEB,2016-040Y,41621,DEB,D,IND,6/22/2016,SRILR,10/17/2022,87.7,97.2,169,153,5.3409,,EA,IMP
INSAT-3DR,2016-054A,41752,PAY,+,IND,9/8/2016,SRILR,,1436.1,0.11,35846,35727,8.2903,,EA,ORB
GSLV R/B,2016-054B,41753,R/B,D,IND,9/8/2016,SRILR,4/29/2019,89.05,20.55,356,98,6.7662,,EA,IMP
PRATHAM,2016-059A,41783,PAY,-,IND,9/26/2016,SRILR,,98.17,97.83,694,648,0.0903,,EA,ORB
PISAT,2016-059B,41784,PAY,+,IND,9/26/2016,SRILR,,98.06,97.82,687,644,0.145,,EA,ORB
SCATSAT 1,2016-059H,41790,PAY,+,IND,9/26/2016,SRILR,,97.37,98.15,672,593,1.7214,,EA,ORB
PSLV R/B,2016-059J,41791,R/B,,IND,9/26/2016,SRILR,,98.4,97.84,712,653,6.855,,EA,ORB
PSLV DEB,2016-059K,41792,DEB,,IND,9/26/2016,SRILR,,97.41,97.79,650,619,5.5058,,EA,ORB
GSAT-18,2016-060A,41793,PAY,+,IND,10/5/2016,FRGUI,,1436.09,0.06,35794,35779,0.003,,EA,ORB
RISAT-1 DEB,2012-017C,41797,DEB,D,IND,4/26/2012,SRILR,10/12/2016,92.45,97.56,409,381,0.0312,,EA,IMP
RESOURCESAT-2A,2016-074A,41877,PAY,+,IND,12/7/2016,SRILR,,101.29,98.78,821,819,4.155,,EA,ORB
PSLV R/B,2016-074B,41878,R/B,,IND,12/7/2016,SRILR,,101.12,98.64,814,809,5.459,,EA,ORB
CARTOSAT-2D,2017-008A,41948,PAY,+,IND,2/15/2017,SRILR,,94.78,97.44,511,504,2.2262,,EA,ORB
INS-1A,2017-008B,41949,PAY,D,IND,2/15/2017,SRILR,9/30/2023,87.45,97.16,157,140,0.0994,,EA,IMP
INS-1B,2017-008G,41954,PAY,D,IND,2/15/2017,SRILR,10/11/2023,87.4,97.16,156,136,0.121,,EA,IMP
PSLV R/B,2017-008DJ,42052,R/B,D,IND,2/15/2017,SRILR,10/6/2024,88.39,97.2,201,188,6.128,,EA,IMP
GSAT-9,2017-024A,42695,PAY,+,IND,5/5/2017,SRILR,,1436.09,0.01,35795,35777,,,EA,ORB
GSLV R/B,2017-024B,42696,R/B,D,IND,5/5/2017,SRILR,10/10/2017,103.44,20.24,1737,106,,,EA,IMP
GSAT-19,2017-031A,42747,PAY,+,IND,6/5/2017,SRILR,,1436.11,0.09,35794,35779,,,EA,ORB
GSLV R/B,2017-031B,42748,R/B,D,IND,6/5/2017,SRILR,2/8/2018,100.6,21.44,1481,93,,,EA,IMP
NIUSAT,2017-036B,42766,PAY,D,IND,6/23/2017,SRILR,4/27/2024,87.96,97.08,180,167,,,EA,IMP
CARTOSAT-2E,2017-036C,42767,PAY,+,IND,6/23/2017,SRILR,,94.78,97.46,510,506,,,EA,ORB
PSLV R/B,2017-036AH,42796,R/B,D,IND,6/23/2017,SRILR,7/24/2018,87.31,94.59,146,136,,,EA,IMP
PSLV DEB,2017-036AJ,42797,DEB,D,IND,6/23/2017,SRILR,9/26/2018,90.64,97.4,313,298,,,EA,IMP
GSAT-17,2017-040B,42815,PAY,+,IND,6/28/2017,FRGUI,,1436.11,0.04,35816,35758,,,EA,ORB
IRNSS-1H & PSLV R/B,2017-051A,42928,PAY,D,IND,8/31/2017,SRILR,3/2/2019,89.12,19.13,334,128,,,EA,IMP
PSLV DEB,2017-051B,42929,DEB,D,IND,8/31/2017,SRILR,12/5/2017,156.73,19.14,6332,170,,,EA,IMP
PSLV DEB,2017-051C,42930,DEB,D,IND,8/31/2017,SRILR,12/5/2017,153.91,19.18,6103,168,,,EA,IMP
PSLV DEB,2017-008DK,43106,DEB,D,IND,2/15/2017,SRILR,11/2/2018,88.18,97.42,192,177,,,EA,IMP
CARTOSAT-2F,2018-004A,43111,PAY,+,IND,1/12/2018,SRILR,,94.78,97.43,509,507,,,EA,ORB
PSLV DEB,2018-004B,43112,DEB,D,IND,1/12/2018,SRILR,10/30/2022,88.17,97.34,192,176,,,EA,IMP
INS-1C,2018-004F,43116,PAY,D,IND,1/12/2018,SRILR,11/14/2023,88.38,97.31,201,188,,,EA,IMP
MICROSAT-TD,2018-004T,43128,PAY,D,IND,1/12/2018,SRILR,11/27/2020,87.59,96.55,161,149,,,EA,IMP
PSLV R/B,2018-004U,43129,R/B,D,IND,1/12/2018,SRILR,1/17/2019,87.24,97.14,142,133,,,EA,IMP
GSAT-6A,2018-027A,43241,PAY,-,IND,3/29/2018,SRILR,,1206.87,2.85,36085,26257,,,EA,ORB
GSLV R/B,2018-027B,43242,R/B,D,IND,3/29/2018,SRILR,12/4/2019,95.9,20.19,1019,104,,,EA,IMP
IRNSS-1I,2018-035A,43286,PAY,+,IND,4/11/2018,SRILR,,1436.09,29.15,35878,35695,,,EA,ORB
PSLV R/B,2018-035B,43287,R/B,,IND,4/11/2018,SRILR,,310.83,19.04,17406,237,,,EA,ORB
PSLV R/B,2018-071C,43620,R/B,,IND,9/16/2018,SRILR,,96.03,97.44,587,549,,,EA,ORB
GSAT-29,2018-089A,43698,PAY,+,IND,11/14/2018,SRILR,,1436.09,0.08,35802,35771,,,EA,ORB
GSLV R/B,2018-089B,43699,R/B,D,IND,11/14/2018,SRILR,5/12/2019,99.08,21.33,1341,88,,,EA,IMP
HYSIS,2018-096A,43719,PAY,+,IND,11/29/2018,SRILR,,97.39,98.01,634,633,,,EA,ORB
PSLV R/B,2018-096W,43739,R/B,D,IND,11/29/2018,SRILR,6/1/2023,87.48,97.31,159,140,,,EA,IMP
GSAT-11,2018-100B,43824,PAY,+,IND,12/4/2018,FRGUI,,1436.1,0.09,35794,35779,,,EA,ORB
GSAT-7A,2018-105A,43864,PAY,+,IND,12/19/2018,SRILR,,1436.1,0.02,35797,35776,,,EA,ORB
GSLV R/B,2018-105B,43865,R/B,D,IND,12/19/2018,SRILR,4/5/2019,91.16,19.41,568,96,,,EA,IMP
MICROSAT-R,2019-006A,43947,PAY,D,IND,1/24/2019,SRILR,7/23/2019,87.5,96.61,163,138,,,EA,IMP
KALAMSAT-V2 & PSLV R/B,2019-006B,43948,PAY,D,IND,1/24/2019,SRILR,12/21/2023,87.22,98.76,139,134,,,EA,IMP
GSAT-31,2019-007B,44035,PAY,+,IND,2/5/2019,FRGUI,,1436.1,0.04,35812,35761,,,EA,ORB
EMISAT,2019-018A,44078,PAY,+,IND,4/1/2019,SRILR,,99.75,98.49,761,733,,,EA,ORB
AIS & APRS & ARIS & PSLV R/B,2019-018AC,44104,PAY,D,IND,4/1/2019,SRILR,6/30/2024,86.51,97.33,110,92,,,EA,IMP
MICROSAT-R DEB,2019-006C,44117,DEB,D,IND,1/24/2019,SRILR,12/22/2019,89.41,95.22,278,213,,,EA,IMP
MICROSAT-R DEB,2019-006D,44118,DEB,D,IND,1/24/2019,SRILR,4/10/2019,91.6,96.12,447,259,,,EA,IMP
MICROSAT-R DEB,2019-006E,44119,DEB,D,IND,1/24/2019,SRILR,4/5/2019,91.11,94.92,451,206,,,EA,IMP
MICROSAT-R DEB,2019-006F,44120,DEB,D,IND,1/24/2019,SRILR,7/10/2019,89.17,95.48,283,185,,,EA,IMP
MICROSAT-R DEB,2019-006G,44121,DEB,D,IND,1/24/2019,SRILR,5/1/2019,89.09,95.55,263,196,,,EA,IMP
MICROSAT-R DEB,2019-006H,44122,DEB,D,IND,1/24/2019,SRILR,4/22/2019,94.14,95.6,681,273,,,EA,IMP
MICROSAT-R DEB,2019-006J,44123,DEB,D,IND,1/24/2019,SRILR,5/19/2019,88.5,96.9,222,180,,,EA,IMP
MICROSAT-R DEB,2019-006K,44124,DEB,D,IND,1/24/2019,SRILR,4/13/2019,88.62,95.5,228,185,,,EA,IMP
MICROSAT-R DEB,2019-006L,44125,DEB,D,IND,1/24/2019,SRILR,4/17/2019,91.92,95.42,488,249,,,EA,IMP
MICROSAT-R DEB,2019-006M,44126,DEB,D,IND,1/24/2019,SRILR,5/2/2019,92.72,95.45,555,260,,,EA,IMP
MICROSAT-R DEB,2019-006N,44127,DEB,D,IND,1/24/2019,SRILR,4/10/2019,92.32,96.07,504,272,,,EA,IMP
MICROSAT-R DEB,2019-006P,44128,DEB,D,IND,1/24/2019,SRILR,5/4/2019,88.24,96.26,204,170,,,EA,IMP
MICROSAT-R DEB,2019-006Q,44129,DEB,D,IND,1/24/2019,SRILR,4/13/2019,88.38,96.22,209,179,,,EA,IMP
MICROSAT-R DEB,2019-006R,44130,DEB,D,IND,1/24/2019,SRILR,11/14/2019,87.93,96.29,184,159,,,EA,IMP
MICROSAT-R DEB,2019-006S,44131,DEB,D,IND,1/24/2019,SRILR,7/27/2019,93.37,95.48,867,13,,,EA,IMP
MICROSAT-R DEB,2019-006T,44132,DEB,D,IND,1/24/2019,SRILR,4/4/2019,89.31,96.4,255,226,,,EA,IMP
MICROSAT-R DEB,2019-006U,44133,DEB,D,IND,1/24/2019,SRILR,11/21/2019,87.56,96.43,160,148,,,EA,IMP
MICROSAT-R DEB,2019-006V,44134,DEB,D,IND,1/24/2019,SRILR,4/16/2021,88.83,96.02,243,191,,,EA,IMP
MICROSAT-R DEB,2019-006W,44135,DEB,D,IND,1/24/2019,SRILR,4/9/2019,90.95,96.21,381,261,,,EA,IMP
MICROSAT-R DEB,2019-006X,44136,DEB,D,IND,1/24/2019,SRILR,5/15/2019,89.97,94.54,320,226,,,EA,IMP
MICROSAT-R DEB,2019-006Y,44137,DEB,D,IND,1/24/2019,SRILR,4/6/2019,90.72,96.15,355,264,,,EA,IMP
MICROSAT-R DEB,2019-006Z,44138,DEB,D,IND,1/24/2019,SRILR,4/9/2019,87.29,96.65,166,115,,,EA,IMP
MICROSAT-R DEB,2019-006AA,44139,DEB,D,IND,1/24/2019,SRILR,4/11/2019,88.34,95.44,214,171,,,EA,IMP
MICROSAT-R DEB,2019-006AB,44140,DEB,D,IND,1/24/2019,SRILR,7/8/2019,88.46,95.56,210,187,,,EA,IMP
MICROSAT-R DEB,2019-006AC,44141,DEB,D,IND,1/24/2019,SRILR,6/30/2019,88.31,96.05,203,179,,,EA,IMP
MICROSAT-R DEB,2019-006AD,44142,DEB,D,IND,1/24/2019,SRILR,11/26/2019,88.66,96.51,234,182,,,EA,IMP
MICROSAT-R DEB,2019-006AE,44143,DEB,D,IND,1/24/2019,SRILR,4/5/2019,88.26,96.78,201,176,,,EA,IMP
MICROSAT-R DEB,2019-006AF,44144,DEB,D,IND,1/24/2019,SRILR,5/8/2019,88.15,95.61,198,168,,,EA,IMP
MICROSAT-R DEB,2019-006AG,44145,DEB,D,IND,1/24/2019,SRILR,5/20/2019,89.12,95.58,265,197,,,EA,IMP
MICROSAT-R DEB,2019-006AH,44146,DEB,D,IND,1/24/2019,SRILR,7/5/2019,87.13,96.58,143,121,,,EA,IMP
MICROSAT-R DEB,2019-006AJ,44147,DEB,D,IND,1/24/2019,SRILR,7/17/2020,88.18,95.7,200,169,,,EA,IMP
MICROSAT-R DEB,2019-006AK,44148,DEB,D,IND,1/24/2019,SRILR,5/15/2019,88.2,96.63,198,173,,,EA,IMP
MICROSAT-R DEB,2019-006AL,44149,DEB,D,IND,1/24/2019,SRILR,10/9/2019,87.76,96.06,169,158,,,EA,IMP
MICROSAT-R DEB,2019-006AM,44150,DEB,D,IND,1/24/2019,SRILR,4/6/2019,91.19,96.13,407,259,,,EA,IMP
MICROSAT-R DEB,2019-006AN,44151,DEB,D,IND,1/24/2019,SRILR,4/15/2019,90.03,96.17,319,233,,,EA,IMP
MICROSAT-R DEB,2019-006AP,44152,DEB,D,IND,1/24/2019,SRILR,9/2/2019,88,95.01,185,166,,,EA,IMP
MICROSAT-R DEB,2019-006AQ,44153,DEB,D,IND,1/24/2019,SRILR,8/26/2019,88.45,95.01,211,185,,,EA,IMP
MICROSAT-R DEB,2019-006AR,44154,DEB,D,IND,1/24/2019,SRILR,3/22/2020,88.73,96.58,239,185,,,EA,IMP
MICROSAT-R DEB,2019-006AS,44155,DEB,D,IND,1/24/2019,SRILR,6/14/2019,88.15,95.99,191,175,,,EA,IMP
MICROSAT-R DEB,2019-006AT,44156,DEB,D,IND,1/24/2019,SRILR,4/5/2019,89.89,96.23,292,245,,,EA,IMP
MICROSAT-R DEB,2019-006AU,44157,DEB,D,IND,1/24/2019,SRILR,1/23/2020,88.84,95.3,248,186,,,EA,IMP
MICROSAT-R DEB,2019-006AV,44158,DEB,D,IND,1/24/2019,SRILR,8/17/2019,87.72,96.28,173,150,,,EA,IMP
MICROSAT-R DEB,2019-006AW,44159,DEB,D,IND,1/24/2019,SRILR,4/4/2019,88.86,96.39,239,196,,,EA,IMP
MICROSAT-R DEB,2019-006AX,44160,DEB,D,IND,1/24/2019,SRILR,7/12/2020,88.57,95.22,234,173,,,EA,IMP
MICROSAT-R DEB,2019-006AY,44161,DEB,D,IND,1/24/2019,SRILR,8/27/2019,87.56,96.24,161,146,,,EA,IMP
MICROSAT-R DEB,2019-006AZ,44162,DEB,D,IND,1/24/2019,SRILR,7/21/2019,88.16,95.97,199,168,,,EA,IMP
MICROSAT-R DEB,2019-006BA,44163,DEB,D,IND,1/24/2019,SRILR,5/24/2019,88.62,95.44,226,186,,,EA,IMP
MICROSAT-R DEB,2019-006BB,44164,DEB,D,IND,1/24/2019,SRILR,1/12/2020,88.94,96.61,245,199,,,EA,IMP
MICROSAT-R DEB,2019-006BC,44165,DEB,D,IND,1/24/2019,SRILR,7/3/2019,88.02,96.7,186,167,,,EA,IMP
MICROSAT-R DEB,2019-006BD,44166,DEB,D,IND,1/24/2019,SRILR,4/22/2020,88.15,95.58,201,165,,,EA,IMP
MICROSAT-R DEB,2019-006BE,44167,DEB,D,IND,1/24/2019,SRILR,4/13/2019,88.59,95.68,224,185,,,EA,IMP
MICROSAT-R DEB,2019-006BF,44168,DEB,D,IND,1/24/2019,SRILR,5/4/2019,88.22,96.31,203,170,,,EA,IMP
MICROSAT-R DEB,2019-006BG,44169,DEB,D,IND,1/24/2019,SRILR,5/13/2019,88.41,97.24,213,179,,,EA,IMP
MICROSAT-R DEB,2019-006BH,44170,DEB,D,IND,1/24/2019,SRILR,4/18/2019,94.57,94.74,718,277,,,EA,IMP
MICROSAT-R DEB,2019-006BJ,44171,DEB,D,IND,1/24/2019,SRILR,5/16/2019,88.64,95.64,230,184,,,EA,IMP
MICROSAT-R DEB,2019-006BK,44172,DEB,D,IND,1/24/2019,SRILR,4/3/2019,89.75,94.58,324,200,,,EA,IMP
MICROSAT-R DEB,2019-006BL,44173,DEB,D,IND,1/24/2019,SRILR,5/30/2019,89.11,95.35,258,203,,,EA,IMP
MICROSAT-R DEB,2019-006BM,44174,DEB,D,IND,1/24/2019,SRILR,4/14/2019,93.11,95.53,587,266,,,EA,IMP
MICROSAT-R DEB,2019-006BN,44175,DEB,D,IND,1/24/2019,SRILR,5/18/2019,88.89,96.61,239,200,,,EA,IMP
MICROSAT-R DEB,2019-006BP,44176,DEB,D,IND,1/24/2019,SRILR,4/13/2019,91.58,96.13,437,267,,,EA,IMP
MICROSAT-R DEB,2019-006BQ,44177,DEB,D,IND,1/24/2019,SRILR,6/19/2019,87.45,96.57,159,138,,,EA,IMP
MICROSAT-R DEB,2019-006BR,44178,DEB,D,IND,1/24/2019,SRILR,7/2/2019,87.99,96.15,182,168,,,EA,IMP
MICROSAT-R DEB,2019-006BS,44179,DEB,D,IND,1/24/2019,SRILR,1/1/2020,87.62,96.09,164,150,,,EA,IMP
MICROSAT-R DEB,2019-006BT,44180,DEB,D,IND,1/24/2019,SRILR,6/25/2019,89.16,94.67,255,211,,,EA,IMP
MICROSAT-R DEB,2019-006BU,44181,DEB,D,IND,1/24/2019,SRILR,4/29/2019,88.09,96.49,194,166,,,EA,IMP
MICROSAT-R DEB,2019-006BV,44182,DEB,D,IND,1/24/2019,SRILR,4/26/2019,88.47,96.07,219,179,,,EA,IMP
MICROSAT-R DEB,2019-006BW,44183,DEB,D,IND,1/24/2019,SRILR,5/7/2019,89.03,95.97,257,197,,,EA,IMP
MICROSAT-R DEB,2019-006BX,44184,DEB,D,IND,1/24/2019,SRILR,5/3/2019,88.1,97.64,199,162,,,EA,IMP
MICROSAT-R DEB,2019-006BY,44185,DEB,D,IND,1/24/2019,SRILR,5/6/2019,88.75,96.03,237,189,,,EA,IMP
MICROSAT-R DEB,2019-006BZ,44189,DEB,D,IND,1/24/2019,SRILR,5/6/2019,89.1,95.07,260,200,,,EA,IMP
MICROSAT-R DEB,2019-006CA,44190,DEB,D,IND,1/24/2019,SRILR,6/14/2019,87.9,95.98,178,163,,,EA,IMP
MICROSAT-R DEB,2019-006CB,44191,DEB,D,IND,1/24/2019,SRILR,8/14/2019,87.27,96.71,147,132,,,EA,IMP
MICROSAT-R DEB,2019-006CC,44192,DEB,D,IND,1/24/2019,SRILR,6/19/2019,87.97,95.58,176,172,,,EA,IMP
MICROSAT-R DEB,2019-006CD,44193,DEB,D,IND,1/24/2019,SRILR,4/17/2019,90.76,96.11,371,253,,,EA,IMP
MICROSAT-R DEB,2019-006CE,44194,DEB,D,IND,1/24/2019,SRILR,7/26/2019,88.28,96.28,206,173,,,EA,IMP
MICROSAT-R DEB,2019-006CF,44195,DEB,D,IND,1/24/2019,SRILR,5/21/2019,89.49,95.5,289,209,,,EA,IMP
MICROSAT-R DEB,2019-006CG,44196,DEB,D,IND,1/24/2019,SRILR,11/26/2019,89.16,95.05,269,197,,,EA,IMP
MICROSAT-R DEB,2019-006CH,44197,DEB,D,IND,1/24/2019,SRILR,7/28/2019,88.03,95.43,193,161,,,EA,IMP
MICROSAT-R DEB,2019-006CJ,44198,DEB,D,IND,1/24/2019,SRILR,6/2/2019,88.29,94.63,204,176,,,EA,IMP
MICROSAT-R DEB,2019-006CK,44199,DEB,D,IND,1/24/2019,SRILR,11/29/2019,88.82,96.59,241,192,,,EA,IMP
MICROSAT-R DEB,2019-006CL,44200,DEB,D,IND,1/24/2019,SRILR,4/25/2019,89.23,95.92,268,205,,,EA,IMP
MICROSAT-R DEB,2019-006CM,44201,DEB,D,IND,1/24/2019,SRILR,9/26/2019,88.73,95.12,233,190,,,EA,IMP
MICROSAT-R DEB,2019-006CN,44202,DEB,D,IND,1/24/2019,SRILR,8/31/2019,87.81,97.15,175,157,,,EA,IMP
MICROSAT-R DEB,2019-006CP,44203,DEB,D,IND,1/24/2019,SRILR,3/7/2020,88.49,96.08,211,189,,,EA,IMP
MICROSAT-R DEB,2019-006CQ,44214,DEB,D,IND,1/24/2019,SRILR,9/27/2019,89.91,93.35,329,211,,,EA,IMP
MICROSAT-R DEB,2019-006CR,44215,DEB,D,IND,1/24/2019,SRILR,5/19/2019,90.77,94.8,384,240,,,EA,IMP
MICROSAT-R DEB,2019-006CS,44216,DEB,D,IND,1/24/2019,SRILR,2/22/2020,88.46,95.89,215,181,,,EA,IMP
MICROSAT-R DEB,2019-006CT,44217,DEB,D,IND,1/24/2019,SRILR,2/21/2020,88.79,96.1,231,198,,,EA,IMP
MICROSAT-R DEB,2019-006CU,44218,DEB,D,IND,1/24/2019,SRILR,9/21/2019,91.65,96.28,470,241,,,EA,IMP
MICROSAT-R DEB,2019-006CV,44219,DEB,D,IND,1/24/2019,SRILR,5/6/2019,89.41,96.42,273,217,,,EA,IMP
MICROSAT-R DEB,2019-006CW,44220,DEB,D,IND,1/24/2019,SRILR,10/27/2019,88.82,96.79,234,198,,,EA,IMP
MICROSAT-R DEB,2019-006CX,44221,DEB,D,IND,1/24/2019,SRILR,10/18/2019,87.96,96.82,189,158,,,EA,IMP
RISAT-2B,2019-028A,44233,PAY,+,IND,5/22/2019,SRILR,,95.9,37,568,557,,,EA,ORB
PSLV R/B,2019-028B,44234,R/B,,IND,5/22/2019,SRILR,,91.2,37.01,345,322,,,EA,ORB
MICROSAT-R DEB,2019-006CY,44377,DEB,D,IND,1/24/2019,SRILR,9/20/2019,88.58,92.24,227,182,,,EA,IMP
MICROSAT-R DEB,2019-006CZ,44378,DEB,D,IND,1/24/2019,SRILR,8/7/2019,88.4,96.03,214,177,,,EA,IMP
MICROSAT-R DEB,2019-006DA,44379,DEB,D,IND,1/24/2019,SRILR,8/7/2019,88.83,96.33,242,191,,,EA,IMP
MICROSAT-R DEB,2019-006DB,44380,DEB,D,IND,1/24/2019,SRILR,9/20/2019,88.34,96.11,205,180,,,EA,IMP
MICROSAT-R DEB,2019-006DC,44381,DEB,D,IND,1/24/2019,SRILR,3/22/2021,91.49,94.54,456,239,,,EA,IMP
MICROSAT-R DEB,2019-006DD,44382,DEB,D,IND,1/24/2019,SRILR,10/25/2020,88.8,94.64,238,192,,,EA,IMP
MICROSAT-R DEB,2019-006DE,44383,DEB,D,IND,1/24/2019,SRILR,6/14/2022,88.62,96.11,243,170,,,EA,IMP
MICROSAT-R DEB,2019-006DF,44384,DEB,D,IND,1/24/2019,SRILR,8/28/2019,89.13,97,270,193,,,EA,IMP
CHANDRAYAAN-2,2019-042A,44441,PAY,+,IND,7/22/2019,SRILR,,,,,,,,MO,ORB
GSLV R/B,2019-042B,44442,R/B,D,IND,7/22/2019,SRILR,10/16/2019,91.77,21.45,638,85,,,EA,IMP
MICROSAT-R DEB,2019-006DG,44444,DEB,D,IND,1/24/2019,SRILR,8/28/2019,90.25,95.21,346,228,,,EA,IMP
MICROSAT-R DEB,2019-006DH,44445,DEB,D,IND,1/24/2019,SRILR,10/30/2019,88.86,94.32,246,190,,,EA,IMP
MICROSAT-R DEB,2019-006DJ,44460,DEB,D,IND,1/24/2019,SRILR,9/28/2019,90.55,95.2,369,234,,,EA,IMP
MICROSAT-R DEB,2019-006DK,44461,DEB,D,IND,1/24/2019,SRILR,9/4/2019,92.61,95.74,546,259,,,EA,IMP
MICROSAT-R DEB,2019-006DL,44462,DEB,D,IND,1/24/2019,SRILR,8/6/2019,89.75,95.83,314,211,,,EA,IMP
MICROSAT-R DEB,2019-006DM,44463,DEB,D,IND,1/24/2019,SRILR,12/28/2020,90.03,95.78,338,214,,,EA,IMP
MICROSAT-R DEB,2019-006DN,44464,DEB,D,IND,1/24/2019,SRILR,8/11/2019,88.5,96.37,227,174,,,EA,IMP
MICROSAT-R DEB,2019-006DP,44465,DEB,D,IND,1/24/2019,SRILR,11/1/2019,90.31,97.36,359,220,,,EA,IMP
MICROSAT-R DEB,2019-006DQ,44466,DEB,D,IND,1/24/2019,SRILR,11/13/2019,90.73,93.93,385,235,,,EA,IMP
MICROSAT-R DEB,2019-006DR,44467,DEB,D,IND,1/24/2019,SRILR,10/18/2019,89.85,95.1,321,214,,,EA,IMP
MICROSAT-R DEB,2019-006DS,44468,DEB,D,IND,1/24/2019,SRILR,8/31/2019,90.02,95.16,328,223,,,EA,IMP
MICROSAT-R DEB,2019-006DT,44469,DEB,D,IND,1/24/2019,SRILR,12/11/2019,89.6,95.32,300,209,,,EA,IMP
MICROSAT-R DEB,2019-006DU,44470,DEB,D,IND,1/24/2019,SRILR,5/12/2020,89.36,95.38,302,183,,,EA,IMP
MICROSAT-R DEB,2019-006DV,44471,DEB,D,IND,1/24/2019,SRILR,1/10/2020,89.23,95.5,266,207,,,EA,IMP
MICROSAT-R DEB,2019-006DW,44472,DEB,D,IND,1/24/2019,SRILR,1/11/2020,91.18,96.49,425,239,,,EA,IMP
MICROSAT-R DEB,2019-006DX,44473,DEB,D,IND,1/24/2019,SRILR,9/13/2019,90.5,96.92,367,231,,,EA,IMP
MICROSAT-R DEB,2019-006DY,44474,DEB,D,IND,1/24/2019,SRILR,7/30/2019,88.18,96.15,204,165,,,EA,IMP
MICROSAT-R DEB,2019-006EC,44489,DEB,D,IND,1/24/2019,SRILR,9/19/2019,92.2,95.18,500,265,,,EA,IMP
MICROSAT-R DEB,2019-006ED,44490,DEB,D,IND,1/24/2019,SRILR,9/16/2019,89.89,95.19,317,221,,,EA,IMP
MICROSAT-R DEB,2019-006EE,44491,DEB,D,IND,1/24/2019,SRILR,9/11/2019,91.28,95.24,434,241,,,EA,IMP
MICROSAT-R DEB,2019-006DZ,44501,DEB,D,IND,1/24/2019,SRILR,10/4/2019,89.34,96.16,263,221,,,EA,IMP
MICROSAT-R DEB,2019-006EA,44502,DEB,D,IND,1/24/2019,SRILR,11/15/2019,95.48,95.2,857,227,,,EA,IMP
MICROSAT-R DEB,2019-006EB,44503,DEB,D,IND,1/24/2019,SRILR,12/13/2019,88.09,95.14,195,165,,,EA,IMP
MICROSAT-R DEB,2019-006EF,44522,DEB,D,IND,1/24/2019,SRILR,9/15/2019,91.69,95.23,467,248,,,EA,IMP
CARTOSAT-3,2019-081A,44804,PAY,+,IND,11/27/2019,SRILR,,94.79,97.46,518,499,,,EA,ORB
PSLV R/B,2019-081B,44805,R/B,,IND,11/27/2019,SRILR,,93.08,97.2,442,409,,,EA,ORB
RISAT-2BR1,2019-089F,44857,PAY,+,IND,12/11/2019,SRILR,,95.91,36.96,571,554,,,EA,ORB
PSLV R/B,2019-089L,44862,R/B,,IND,12/11/2019,SRILR,,93.35,36.97,452,425,,,EA,ORB
GSAT-30,2020-005A,45026,PAY,+,IND,1/16/2020,FRGUI,,1436.07,0.02,35794,35778,,,EA,ORB
MICROSAT-R DEB,2019-006EG,45478,DEB,D,IND,1/24/2019,SRILR,1/16/2021,92.9,93.53,592,241,,,EA,IMP
MICROSAT-R DEB,2019-006EH,45479,DEB,D,IND,1/24/2019,SRILR,9/27/2020,89.78,95.54,310,218,,,EA,IMP
MICROSAT-R DEB,2019-006EJ,45480,DEB,D,IND,1/24/2019,SRILR,10/19/2020,89.05,95.21,253,202,,,EA,IMP
MICROSAT-R DEB,2019-006EK,45481,DEB,D,IND,1/24/2019,SRILR,10/19/2020,88.98,94.9,246,202,,,EA,IMP
MICROSAT-R DEB,2019-006EL,45482,DEB,D,IND,1/24/2019,SRILR,9/28/2020,88.67,94.75,234,184,,,EA,IMP
RISAT-2BR2,2020-081A,46905,PAY,+,IND,11/7/2020,SRILR,,95.9,36.9,572,552,,,EA,ORB
PSLV R/B,2020-081L,46915,R/B,,IND,11/7/2020,SRILR,,93.9,36.85,482,449,,,EA,ORB
CMS-01,2020-099A,47256,PAY,+,IND,12/17/2020,SRILR,,1436.1,0.1,35820,35754,,,EA,ORB
PSLV R/B,2020-099B,47257,R/B,,IND,12/17/2020,SRILR,,307.79,17.92,17241,204,,,EA,ORB
SINE (SINDHUNETRA),2021-015D,47702,PAY,D,IND,2/28/2021,SRILR,12/13/2023,87.29,97.34,146,134,,,EA,IMP
UNITYSAT JITSAT,2021-015S,47716,PAY,D,IND,2/28/2021,SRILR,6/4/2023,87.83,97.35,178,156,,,EA,IMP
UNITYSAT GHRCESAT,2021-015T,47717,PAY,D,IND,2/28/2021,SRILR,7/9/2023,87.55,97.34,163,144,,,EA,IMP
UNITYSAT SRISHAKTHISAT,2021-015U,47718,PAY,D,IND,2/28/2021,SRILR,6/4/2023,87.62,97.35,166,147,,,EA,IMP
SDSAT,2021-015V,47721,PAY,D,IND,2/28/2021,SRILR,7/18/2023,87.81,97.35,176,156,,,EA,IMP
EOS-4,2022-013A,51656,PAY,+,IND,2/14/2022,SRILR,,95.19,97.51,529,527,,,EA,ORB
INSPIRESAT 1,2022-013B,51657,PAY,+,IND,2/14/2022,SRILR,,92.19,97.46,384,379,,,EA,ORB
INS-2TD,2022-013C,51658,PAY,D,IND,2/14/2022,SRILR,11/6/2024,87.34,97.47,149,137,,,EA,IMP
PSLV R/B,2022-013D,51659,R/B,,IND,2/14/2022,SRILR,,92.49,97.47,406,387,,,EA,ORB
SHAKUNTALA,2022-033S,52173,PAY,D,IND,4/1/2022,AFETR,1/13/2024,87.5,97.33,160,141,,,EA,IMP
CMS-02 (GSAT 24),2022-067A,52903,PAY,+,IND,6/22/2022,FRGUI,,1436.1,0.05,35806,35768,,,EA,ORB
PSLV DEB,2022-072B,52936,DEB,D,IND,6/30/2022,SRILR,5/23/2024,94.38,9.99,493,484,,,EA,IMP
POEM,2022-072E,52939,PAY,,IND,6/30/2022,SRILR,,94.65,9.95,518,485,,,EA,ORB
GSLV R/B,2022-138AN,54149,R/B,,IND,10/22/2022,SRILR,,96.25,87.38,596,562,,,EA,ORB
EOS-6 (OCEANSAT-3),2022-158A,54361,PAY,+,IND,11/26/2022,SRILR,,99.52,98.35,737,734,,,EA,ORB
OBJECT B,2022-158B,54362,PAY,-,IND,11/26/2022,SRILR,,93.14,97.48,436,421,,,EA,ORB
THYBOLT-1,2022-158C,54363,PAY,D,IND,11/26/2022,SRILR,5/19/2024,88.34,97.41,203,182,,,EA,IMP
THYBOLT-2,2022-158D,54364,PAY,D,IND,11/26/2022,SRILR,5/23/2024,87.88,97.41,179,160,,,EA,IMP
INS-2B,2022-158E,54365,PAY,D,IND,11/26/2022,SRILR,6/13/2024,87.65,97.4,167,149,,,EA,IMP
EOS-7,2023-019A,55562,PAY,D,IND,2/10/2023,SRILR,12/29/2024,88.24,37.17,189,186,,,EA,IMP
AZAADISAT-2,2023-019B,55563,PAY,D,IND,2/10/2023,SRILR,11/30/2023,88.42,37.16,199,194,,,EA,IMP
SS3 R/B,2023-019D,55565,R/B,D,IND,2/10/2023,SRILR,12/21/2023,87.41,37.16,150,142,,,EA,IMP
VTM R/B,2023-019E,55566,R/B,D,IND,2/10/2023,SRILR,5/15/2024,87.67,37.88,164,154,,,EA,IMP
SS3 DEB,2023-019F,55567,DEB,D,IND,2/10/2023,SRILR,3/14/2023,89.87,37.18,288,247,,,EA,IMP
SS3 DEB,2023-019G,55568,DEB,D,IND,2/10/2023,SRILR,3/18/2023,89.08,37.17,247,211,,,EA,IMP
SS3 DEB,2023-019H,55737,DEB,D,IND,2/10/2023,SRILR,3/7/2023,91.1,37.21,357,299,,,EA,IMP
SS3 DEB,2023-019J,55738,DEB,D,IND,2/10/2023,SRILR,3/24/2023,92.12,37.19,405,351,,,EA,IMP
SS3 DEB,2023-019K,55739,DEB,D,IND,2/10/2023,SRILR,3/18/2023,91.67,37.2,391,321,,,EA,IMP
GSLV R/B,2023-043AN,56082,R/B,D,IND,3/26/2023,SRILR,6/14/2024,87.04,87.37,136,120,,,EA,IMP
POEM-2,2023-057A,56308,PAY,+,IND,4/22/2023,SRILR,,96.37,9.89,600,570,,,EA,ORB
NVS-01 (IRNSS-1J),2023-076A,56759,PAY,+,IND,5/29/2023,SRILR,,1436.05,2.6,35823,35749,,,EA,ORB
GSLV R/B,2023-076B,56760,R/B,,IND,5/29/2023,SRILR,,442.89,19.04,25567,170,,,EA,ORB
AFR-1,2023-084AJ,56964,PAY,+,IND,6/12/2023,AFWTR,,94.34,97.6,493,480,,,EA,ORB
CHANDRAYAAN-3,2023-098A,57320,PAY,D,IND,7/14/2023,SRILR,8/23/2023,3074.21,21.34,127067,247,,,MO,LAN
GSLV R/B,2023-098B,57321,R/B,D,IND,7/14/2023,SRILR,11/15/2023,92.46,21.02,701,89,,,EA,IMP
ADITYA-L1,2023-132A,57754,PAY,+,IND,9/2/2023,SRILR,,,,,,,,EL1,ORB
PSLV R/B,2023-132B,57755,R/B,,IND,9/2/2023,SRILR,,315.39,19.31,17730,211,,,EA,ORB
CHANDRAYAAN-3 PROPULSION MODULE,2023-098C,57770,PAY,+,IND,7/14/2023,SRILR,,17501.16,33.93,308388,125438,,,EA,ORB
XPOSAT,2024-001A,58694,PAY,+,IND,1/1/2024,SRILR,,97.42,5.99,642,628,,,EA,ORB
POEM-3,2024-001B,58695,PAY,D,IND,1/1/2024,SRILR,3/21/2024,89.58,9.66,257,250,,,EA,IMP
INSAT-3DS,2024-033A,58990,PAY,+,IND,2/17/2024,SRILR,,1436.09,0.05,35791,35782,,,EA,ORB
GSLV R/B,2024-033B,58991,R/B,,IND,2/17/2024,SRILR,,380.66,19.33,21852,189,,,EA,ORB
TSAT-1A,2024-066A,59442,PAY,+,IND,4/7/2024,AFETR,,94.08,45.62,480,468,,,EA,ORB
EOS-08,2024-147A,60454,PAY,+,IND,8/16/2024,SRILR,,93.3,37.38,438,434,,,EA,ORB
SR-0 DEMOSAT,2024-147B,60455,PAY,D,IND,8/16/2024,SRILR,11/2/2024,88.4,37.35,204,187,,,EA,IMP
VTM R/B,2024-147C,60456,R/B,D,IND,8/16/2024,SRILR,3/12/2025,87.64,36.91,162,153,,,EA,IMP
SS3 R/B,2024-147D,60457,R/B,D,IND,8/16/2024,SRILR,11/26/2025,87.88,37.34,172,166,,,EA,IMP
GSAT-N2 (GSAT-20),2024-214A,62028,PAY,+,IND,11/18/2024,AFETR,,1436.1,0.06,35799,35774,,,EA,ORB
PSLV R/B,2024-233B,62257,R/B,,IND,12/5/2024,SRILR,,1195.46,59.65,60962,906,,,EA,ORB
SDX01,2024-253A,62459,PAY,+,IND,12/30/2024,SRILR,,92.91,55,422,412,,,EA,ORB
SDX02,2024-253B,62460,PAY,+,IND,12/30/2024,SRILR,,92.91,55,422,412,,,EA,ORB
POEM-4,2024-253C,62461,PAY,D,IND,12/30/2024,SRILR,4/4/2025,87.1,55.18,142,120,,,EA,IMP
FIREFLY-1,2025-009CW,62701,PAY,+,IND,1/14/2025,AFWTR,,96.47,97.72,592,587,,,EA,ORB
FIREFLY-2,2025-009CZ,62704,PAY,+,IND,1/14/2025,AFWTR,,96.46,97.72,593,586,,,EA,ORB
FIREFLY-3,2025-009DF,62710,PAY,+,IND,1/14/2025,AFWTR,,96.47,97.72,595,585,,,EA,ORB
NVS-02 (IRNSS-1K),2025-020A,62850,PAY,P,IND,1/29/2025,SRILR,,661.77,20.97,37260,294,,,EA,ORB
GSLV R/B,2025-020B,62851,R/B,,IND,1/29/2025,SRILR,,591.85,20.94,33736,209,,,EA,ORB
NISAR,2025-163A,65053,PAY,+,IND,7/30/2025,SRILR,,99.83,98.41,751,749,,,EA,ORB
GSLV R/B,2025-163B,65054,R/B,,IND,7/30/2025,SRILR,,99.47,98.43,741,725,,,EA,ORB
FFLY03,2025-188E,65319,PAY,+,IND,8/26/2025,AFWTR,,96.47,97.75,595,584,,,EA,ORB
FFLY01,2025-188F,65320,PAY,+,IND,8/26/2025,AFWTR,,96.46,97.76,598,580,,,EA,ORB
LEAP-1,2025-188G,65321,PAY,+,IND,8/26/2025,AFWTR,,96.62,97.76,600,594,,,EA,ORB
FFLY02,2025-188H,65322,PAY,+,IND,8/26/2025,AFWTR,,96.46,97.76,599,580,,,EA,ORB
LVM3 R/B,2025-249A,66310,R/B,,IND,11/2/2025,SRILR,,456.01,21.35,26318,176,,,EA,ORB
CMS-03 (GSAT-7R),2025-249B,66311,PAY,+,IND,11/2/2025,SRILR,,1436.11,0.12,35805,35769,,,EA,ORB
